档内排名,站点域名,子类,延迟ms,速度,HTTP,质量分,质量层,适配工作量,官方正版,NSFW,收录生态数,收录生态,各生态源名
1,comic.mkzhan.com,B-正常可达,58,快,200,48,T1,已有实现,,0,2,cimoc|legado,MKZHAN|漫客栈|🎨 漫客栈|🎨 漫客栈🅰 
2,mkzhan.com,B-正常可达,110,快,200,48,T2,已有实现,,0,2,legado|venera,㊣✐ 漫客栈  #一程|漫客栈|🌵漫客栈🌵|🎨 漫客栈 #Haxc
3,manmanapp.com,B-正常可达,140,快,200,48,T1,需新写,,0,2,cimoc|legado,MANMANMANHUA|㊣✐ 漫漫漫画 #一程1101|🎨 漫漫漫画 |🎨 漫漫漫画 #Haxc
4,manga.bilibili.com,B-正常可达,268,快,200,63,T1,需新写,哔哩漫画（正版）,0,1,legado,哔哩哔哩漫画 #Haxc
5,manhuadb.com,B-正常可达,347,快,200,48,T1,需新写,,0,2,legado|mangareader,mhdb|✐ 漫画DB |✐ 漫画DB #Haxc1107|漫画大全
6,kanman.com,B-正常可达,352,快,200,56,T1,已有实现,,0,3,cimoc|legado|venera,ManHuaTai|看漫画|🎨 看漫画M|🎨 看漫画M #Haxc1107
9,iqiyi.com,B-正常可达,492,中,200,73,T1,需新写,爱奇艺漫画（正版）,0,2,legado|mihon,✐ ㊣爱奇艺漫画 #Haxc1107|爱奇艺叭嗒|🎨 爱奇艺漫画|🎨爱奇艺漫画 
19,ac.qq.com,B-正常可达,1120,中,200,81,T1,已有实现,腾讯动漫（正版）,0,3,legado|mihon|venera,㊣✐ 腾讯漫画  #一程|腾讯动漫|腾讯动漫（正版）|腾讯漫画📱
23,kuaikanmanhua.com,B-正常可达,1598,慢,200,73,T1,需新写,快看漫画（正版）,0,2,legado|mihon,快看漫画|快看漫画M|🎨 快看漫画$|🎨快看漫画
