domain,ecosystems,names,eco_count,record_count
01.apkomik.com,mihon,APKOMIK,1,1
01.komiku.asia,aidoku|mihon,Komiku.com|id.komikucom,2,2
01.pramramadhan.my.id,mihon,Pramramadhan,1,1
02.hwago.xyz,mihon,Hwago,1,1
02.kaguya.pro,mihon,Kaguya,1,1
02.manhwaland.land,mihon,ManhwaLand.mom,1,1
02.ngomik.cc,mihon,Ngomik (unoriginal),1,1
03.lumosgg.com,mihon,LumosKomik,1,1
04.cosmicscans.to,mihon,CosmicScans,1,1
08.ikiru.wtf,mihon,Ikiru,1,1
1.seimanga.me,mihon,SeiManga,1,1
1.selfmanga.live,mihon,SelfManga,1,1
100fanwo.com,cimoc,MH360,1,1
11.shinigami.asia,mihon,Shinigami,1,1
11toon.com,mihon,11toon,1,1
127.0.0.1,mihon,Bakkin Self-hosted|FoolSlide Customizable|Komga|Komga (2)|Komga (3)|LANraragi (1)|LANraragi (2)|Mango,1,8
18comic.vip,mangareader|mihon,jmc|禁漫天堂,2,2
18mh.org,mihon,18漫画,1,1
18porncomic.com,mihon,18 Porn Comic,1,1
1kkk.com,venera,极速漫画,1,1
1manga.co,mihon,1Manga.co,1,1
2.mintmanga.one,mihon,MintManga,1,1
20.allhen.online,mihon,AllHentai,1,1
2026copy.com,cimoc,CopyManHua,1,1
2cycomic.com,venera,次元漫画,1,1
2tencb.pro,mihon,CBHentai,1,1
311s.com,mihon,漫画社,1,1
3600000.xyz,mihon,3600000 Beauty,1,1
36mh.org,cimoc,QIMIAO,1,1
3asq.online,aidoku|mihon,ar.aasq|مانجا العاشق,2,2
3hentai.net,mihon,3Hentai,1,29
3xyaoi.com,mihon,XXX Yaoi,1,1
4399manhua.com,venera,4399漫画网,1,2
4khd.com,mihon,4KHD,1,1
51manga.com,venera,51漫画,1,2
77mh.nl,legado,🎨 新新漫画,1,2
77mh.xyz,legado,🎨新新漫画-xyz,1,2
7stary.com,cimoc,DUMH|DuManHua,1,2
8comic.com,mihon,無限動漫,1,1
8jj.com,legado,✐ 八极漫画 #Haxc|八极漫画,1,4
90mh.org,cimoc,MANHUA90,1,1
92mh.com,mihon,92漫画,1,1
9comic.cn,legado,好看漫画,1,5
9grid.cc,mihon,NineGrid,1,1
9hentai.so,mihon,NineHentai,1,1
a.zazaza.me,mihon,ReadManga,1,1
ac.qq.com,legado|mihon|venera,㊣✐ 腾讯漫画  #一程|腾讯动漫|腾讯动漫（正版）|腾讯漫画📱,3,7
acervoeremita.com,mihon,AcervoEremita,1,1
acervohentai.com,mihon,Acervo Hentai,1,1
acomics.ru,mihon,AComics,1,1
aedexnox.akan01.com,mihon,Temple Scan,1,1
afroditscans.com,mihon,Afrodit Scans,1,1
agcscanlation.it,mihon,Anime GDR Club,1,1
ahottie.top,mihon,AHottie,1,1
akaicomic.org,mihon,Akai Comic,1,1
akaya.io,mihon,AKAYA,1,1
akazascans.org,mihon,Akaza Scans,1,1
akuma.moe,mihon,Akuma,1,27
alandal.com,mihon,Alandal,1,1
allporncomic.com,mihon,AllPornComic,1,1
allporncomic.io,mihon,AllPornComic.io,1,1
allporncomics.co,mihon,AllPornComics.co,1,1
alpha-manga.com,mihon,Alpha Manga,1,1
alphapolis.co.jp,mihon,Alphapolis,1,1
alucardscans.com,mihon,Alucard Scans,1,1
amangaplanet.com.tr,mihon,Amanga Planet,1,1
amcomic.com,legado,一个漫画,1,2
aniargos.com,mihon,Argos Comics,1,1
anikiga.com,mihon,Anikiga,1,1
anime-sama.to,mihon,AnimeSama,1,1
animexnovel.com,mihon,AnimeXNovel,1,1
anisascans.in,mihon,Anisa Scans,1,1
anyonemanga.com,mihon,Anyone Manga,1,1
anzmanga25.com,mihon,AnzManga,1,1
apcomics.org,mihon,AP Comics,1,1
apenasmaisumyaoi.com,mihon,Amuy,1,1
apenasuma-fa.blogspot.com,mihon,Apenas Uma Fã,1,1
api.acg.gd,legado,✐ 🔥亲亲漫画 #Haxc|🎨亲亲漫画 #Haxc🔞|🎨亲亲漫画🔞,1,6
api.creative-comic.tw,venera,CCC追漫台,1,5
api.ilikemanga.com,legado,🎨追追漫画₁🅰,1,2
api.iqhmh.com,legado,✐ 趣话漫画🅰💰 #Haxc|㊣✐ 趣话漫画🅰 #Haxc|🎨 趣话漫画,1,6
api.noyteam.online,mihon,NoyAcg,1,1
apifans.dushimh.com,legado,粉丝漫画,1,3
apollcomics.es,mihon,ApollComics,1,1
app-api.pixiv.net,venera,Pixiv,1,1
aquareader.org,aidoku|mihon,Aqua Manga|en.aquamanga,2,2
ar.kenmanga.com,mihon,أريا مانجا,1,1
arabhentai.net,mihon,هنتاي العرب - نت,1,1
arabmanhwa.com,mihon,ArabManhwa,1,1
arabshentai.com,mihon,هنتاي العرب,1,1
arabtoons.net,mihon,عرب تونز,1,1
aralosbd.fr,mihon,AralosBD,1,1
araznovel.com,mihon,ArazNovel,1,1
arbxcomix.com,mihon,ArbxComix,1,1
arc-relight.com,mihon,Arc-Relight,1,1
archiviumbar.com,mihon,BarManga,1,1
arcomixverse.blogspot.com,mihon,Comic Verse,1,1
arcurafansub.com,mihon,Arcura Fansub,1,1
arenascan.com,mihon,Arena Scans,1,1
argoscomics.online,mihon,Argos Scan,1,1
ariatoon.com,mihon,AriaToon,1,1
arigl.xyz,mihon,Ariverse,1,1
arlas.online,mihon,Aarlas,1,1
arthurscan.xyz,mihon,Arthur Scan,1,1
artlapsa.com,mihon,Art Lapsa,1,1
asacomi.jp,mihon,Asacomi,1,1
asialotuss.com,mihon,Asia Lotus,1,1
asiatoon.net,mihon,AsiaToon,1,1
asmhentai.com,mihon,AsmHentai,1,4
asmotoon.com,mihon,Asmodeus Scans,1,1
assortedscans.com,mihon,Assorted Scans,1,1
astral-manga.fr,mihon,AstralManga,1,1
astralscans.top,mihon,Astral Scans,1,1
astramanga.org,mihon,AstraManga,1,1
asurascans.com,aidoku|mihon,Asura Scans|en.asurascans,2,2
asurascans.com.tr,mihon,Asura Scans TR,1,1
athreascans.com,aidoku|mihon,Athrea Scans|en.athreascans,2,2
atsu.moe,mihon,Atsumaru,1,1
azorafly.com,mihon,Azora,1,1
azuretoons.com,mihon,Azuretoons,1,1
bacakomik.my,mihon,BacaKomik,1,1
bakai.org,mihon,Bakai,1,1
bakamh.com,aidoku|mihon,zh.bakamh|巴卡漫画,2,2
bakkin.moe,mihon,Bakkin,1,1
baobua.net,mihon,BaoBua,1,1
baozimh.com,aidoku|legado|mihon,zh.baozimanhua|包子漫画,3,4
baozimh.one,cimoc,BAOZIV2|HaoManSix,1,2
baozimh.org,mihon,GoDa漫画,1,1
baozimhcn.com,cimoc|mangareader,BAOZIMH|BaoziManHua|bzm,2,3
batcave.biz,aidoku|mihon,BatCave|en.batcave,2,2
bato1.com,mihon,Bbato,1,1
bbboy.cc,cimoc,BOLEMH,1,1
bdido.com,legado,1359漫画,1,2
begatranslation.com,mihon,Bega Translation,1,1
bestporncomix.com,mihon,PornComix,1,1
beta.kumopoi.com,mihon,KumoPoi,1,1
beta.taimumangas.com,mihon,Taimu Mangas,1,1
beta.toonbr.com,mihon,ToonBr,1,1
bibibi-comic.com,mihon,Bibibi Comic,1,1
bibliopanda.com,mihon,Biblio Panda,1,1
bigcomics.jp,mihon,Big Comics,1,1
bigsolo.org,aidoku|mihon,BigSolo|fr.bigsolo,2,2
bilimanga.net,aidoku|cimoc|mihon|venera,BILIMANHUA|zh.bilimanga|哔哩漫画|嗶哩漫畫,4,5
biqu8.xyz,cimoc,BIQUGE,1,1
blackoutcomics.com,mihon,Blackout Comics,1,1
blacktoon.me,mihon,블랙툰,1,1
bladetoons.com,mihon,Bladetoons,1,1
blastwave-comic.com,mihon,Gone with the Blastwave,1,1
bloomscans.com,mihon,Bloom Scans,1,1
blossom-scans.com,mihon,Blossom Scans,1,1
bluesolo.org,mihon,Blue Solo,1,1
bnman.net,cimoc,BAINIANMH,1,1
bokugents.com,mihon,BokugenTranslation,1,1
book.dmm.co.jp,mihon,FANZA,1,1
book.dmm.com,mihon,DMM,1,1
bookwalker.com,mihon,BookWalker,1,1
bookwalker.jp,mihon,BookWalker Japan,1,1
boratscans.com,mihon,Borat Scans,1,1
boylove.cc,mihon,香香腐宅,1,1
br.comikey.com,mihon,Comikey Brasil,1,1
br.niadd.com,mihon,Niadd,1,1
br.novelcool.com,mihon,NovelCool,1,1
brainrotcomics.com,mihon,BrainRotComics,1,1
brasilhentai.com,mihon,Brasil Hentai,1,1
bryaoi.com,mihon,BR Yaoi,1,1
bud.iqiyi.com,cimoc,IQIYI,1,1
bukamh.com,venera,布卡漫画,1,1
bunmanga.com,mihon,Bun Manga,1,1
buondua.com,mihon,Buon Dua,1,1
bwhanman.com,legado,🌵背窝韩漫🌵,1,2
bymichiby.com,mihon,Bymichi Scan,1,1
cafecomyaoi.com.br,mihon,Café com Yaoi,1,1
capibaratraductor.com,mihon,CapibaraTraductor,1,1
capitoons.com,mihon,Capitoons,1,1
caprazmanga.com,mihon,ÇaprazManga,1,1
cartoon18.com,mihon,Cartoon18,1,1
cat-300.com,mihon,Cat300,1,1
catharsisworld.dig-it.info,aidoku|mihon,Catharsis World|es.catharsisworld,2,2
catzaa.net,mihon,Catzaa,1,1
ccc.vinnieveritas.com,mihon,Vinnie Veritas - CCC,1,2
cdn-msp.jmapinodeudzn.net,venera,禁漫天堂,1,3
celestialmoonscan.es,mihon,Celestial Moon,1,1
ch1.isekaikomik.site,mihon,IsekaiKomik,1,1
championcross.jp,mihon,Champion Cross,1,1
chaostrad.fr,mihon,ChaosTrad,1,1
chikari.moe,aidoku,en.chikari,1,1
chochox.com,mihon,ChoChoX,1,1
chuixue.net,cimoc,CHUIXUEMH,1,1
ciao.shogakukan.co.jp,mihon,Ciao Plus,1,1
clowncorps.net,mihon,Clown Corps,1,1
cmangax17.com,aidoku,vi.cmanga,1,1
cmangax18.com,mihon,CManga,1,1
cmanhua.com,mihon,CManhua,1,1
cmoa.jp,mihon,C'moA,1,1
cocomic.co,mihon,Cocomic,1,1
codex.readkisho.me,mihon,Codex Zero,1,1
colamanga.com,cimoc,CoCoManHua,1,1
collectedcurios.com,mihon,Collected Curios,1,1
colorcitoscan.com,mihon,Colorcito Scan,1,1
colorizedmangas.com,mihon,Colorized Mangas,1,1
comic-action.com,aidoku,ja.comicaction,1,1
comic-boost.com,mihon,Comic Boost,1,1
comic-days.com,aidoku|mihon,Comic Days|ja.comicdays,2,2
comic-earthstar.com,mihon,Comic Earth Star,1,1
comic-fuz.com,mihon,COMIC FUZ,1,1
comic-gardo.com,mihon,Comic Gardo,1,1
comic-growl.com,mihon,Comic Growl,1,1
comic-room-base.com,mihon,Comic Room Base,1,1
comic-ryu.jp,mihon,Comic Ryu,1,1
comic-walker.com,mihon,カドコミ,1,1
comic-y-ours.com,mihon,Comic Y-OURs,1,1
comic-zenon.com,mihon,Zenon,1,1
comic.bh3.com,mihon,《崩坏3》IP站,1,1
comic.cx,mihon,Comic CX,1,1
comic.hypergryph.com,mihon,泰拉记事社,1,1
comic.iowl.jp,mihon,Comic Festa,1,1
comic.j-nbooks.jp,mihon,J-N Books,1,1
comic.k-manga.jp,mihon,Manga Kingdom,1,1
comic.mkzhan.com,cimoc|legado,MKZHAN|漫客栈|🎨 漫客栈|🎨 漫客栈🅰 |🎨 漫客栈🅰 #Haxc1107|🎨漫客栈,2,11
comic.naver.com,mihon,Naver Webtoon|Naver Webtoon Best Challenge|Naver Webtoon Challenge,1,3
comic.pixiv.net,mihon,Pixivコミック,1,1
comicasura.net,mihon,Comic Asura,1,1
comicaurora.com,mihon,Aurora,1,1
comicborder.com,mihon,Comic Border,1,1
comicfury.com,mihon,Comic Fury|Comic Fury (No Text),1,14
comichubfree.com,mihon,ComicHubFree,1,1
comick.art,venera,comick,1,5
comick.live,mihon,Comick (Unoriginal),1,1
comickfan.com,mihon,ComicK Fanmade,1,1
comicland.org,mihon,ComicLand,1,1
comicnettai.com,mihon,Comic Nettai,1,1
comico.jp,mihon,コミコ,1,1
comicpash.jp,mihon,Comic Pash,1,1
comicride.jp,mihon,Comic Ride,1,1
comics.8muses.com,mihon,8Muses,1,1
comics.inkr.com,mihon,INKR,1,1
comics.manga-bang.com,mihon,MangaBang Comics,1,1
comicsvalley.com,mihon,Comics Valley,1,1
comikey.com,mihon,Comikey,1,4
comirela.com,mihon,Comirela,1,1
comivex.com,mihon,Comivex,1,1
comix.to,aidoku|mihon,Comix|en.comix,2,2
comixtopia.in.ua,mihon,ComixTopia,1,1
commitstrip.com,mihon,Commit Strip,1,2
coolmic.me,mihon,Coolmic,1,1
coomer.st,mihon,Coomer,1,1
copymanga.com,legado,🎨 拷贝漫画➠移动不可用,1,2
corocoro.jp,mihon,Corocoro Online,1,1
cosplaytele.com,mihon|venera,CosplayTele,2,2
covendasbruxonas.com,mihon,Coven Scan,1,1
creative-comic.tw,mihon,CCC追漫台,1,1
crotpedia.net,mihon,CrotPedia,1,1
cubari.moe,mihon,Cubari,1,3
cucumbermanga.com,mihon,Cucumber Manga,1,1
culturedworks.com,mihon,CulturedWorks,1,1
cutiecomics.com,mihon,Cutie Comics,1,1
cuutruyen.moe,mihon,CuuTruyen (unoriginal),1,1
cuutruyen.net,mihon,CuuTruyen,1,1
cycomi.com,mihon,CyComi,1,1
d9zfb53b.lstool.xyz,cimoc,GUOGUOMH,1,1
dailysuka.com,mihon,DailySuka ,1,1
damconuong.uno,mihon,DamCoNuong,1,1
danbooru.donmai.us,mihon,Danbooru,1,1
danke.moe,aidoku|mihon,Danke fürs Lesen|en.dankefurslesen,2,2
daomeoden.net,mihon,DaoMeoDen,1,1
darklegacycomics.com,mihon,Dark Legacy Comics,1,1
darthsanddroids.net,mihon,Darths & Droids,1,1
dashuhuwai.com,legado,大树漫画,1,2
dashumanhua.com,cimoc,DASHUMANHUA,1,1
dassouscan.com,mihon,Dassou Scan,1,1
datgarscanlation.blogspot.com,mihon,Dat-Gar Scan,1,1
dbook.docomo.ne.jp,mihon,Docomo,1,1
ddt.hastateam.com,mihon,DDT Team,1,1
de.niadd.com,mihon,Niadd,1,1
de.novelcool.com,mihon,NovelCool,1,1
deatte5.com,mihon,Battle In 5 Seconds After Meeting,1,1
demo.kavita.org,venera,Kavita,1,3
demo.komga.org,venera,Komga,1,3
demonicscans.org,aidoku|mihon,Manga Demon|en.mangademon,2,2
despair-manga.net,mihon,Despair Manga,1,1
desu.uno,mihon,Desu,1,1
deviantart.com,mihon,DeviantArt,1,1
dflow.alwaysdata.net,mihon,DFlowScans,1,1
dgmanga.app,mihon,DGManga,1,1
dgtread.com,mihon,DigitalTeam,1,1
diamondfansub.com,mihon,DiamondFansub,1,1
digitalcomicmuseum.com,mihon,Digital Comic Museum,1,1
dilar.tube,mihon,Dilar,1,1
dilib.vn,aidoku|mihon,Dilib|vi.dilib,2,2
divascans.org,mihon,Diva Scans,1,1
dm5.com,aidoku|cimoc|mihon|venera,DongManWu|zh.dm5|动漫屋,4,5
dmzj.com,cimoc,DongManZhiJia,1,1
doctruyen3qhub.vip,mihon,DocTruyen3Q,1,1
dojing.net,mihon,Dojing.net,1,1
dokiraw.click,mihon,Dokiraw,1,1
dokusho-ojikan.jp,mihon,Ameba Manga,1,1
dom4lfansub.online,mihon,Domal Fansub,1,1
dongman.la,venera,动漫啦,1,2
dongmanmanhua.cn,mihon|venera,Dongman Manhua|咚漫,2,3
doodmanga.com,mihon,Doodmanga,1,1
doujin-lc.net,mihon,Doujin-Lc,1,1
doujin.desu.xxx,mihon,Doujindesu,1,1
doujin.io,mihon,Doujin.io - J18,1,1
doujindistrict.com,mihon,HM2D,1,1
doujinhentai.net,mihon,DoujinHentai,1,1
doujinku.org,mihon,Doujinku,1,1
doujinmoon.com,mihon,Doujin Moon,1,1
doujins.com,mihon,Doujins,1,1
doujinshell.net,mihon,DoujinsHell,1,1
doujinza.com,mihon,DoujinZa,1,1
doujiva.com,mihon,Doujiva,1,1
dragonball-multiverse.com,mihon,Dragon Ball Multiverse|Dragon Ball Multiverse Parody,1,37
dragontea.ink,mihon,DragonTea,1,1
dragontranslation.org,mihon,DragonTranslation.org,1,1
drakecomic.net,aidoku|mihon,Drake Scans|en.drakescans,2,2
dreamteams.space,mihon,DreamTeams Scans,1,1
drecomi-plus.jp,mihon,DreComi+,1,1
dresdencodak.com,mihon,Dark Science,1,1
dualeotruyenwk.com,mihon,Dưa Leo Truyện,1,1
dumanwu.org,cimoc,DUMANWUORG,1,1
dumanwu1.com,cimoc|mihon,DUMANWU|读漫屋,2,2
duskoryvile.com,mihon,Duskoryvile,1,1
duskscans.com,mihon,Dusk Scans,1,1
dynasty-scans.com,aidoku|mihon,Dynasty Scans|en.dynastyscans,2,2
e-hentai.org,venera,ehentai,1,3
e621.net,mihon,e621,1,1
ebook.tongli.com.tw,mihon,東立,1,1
ebookjapan.yahoo.co.jp,mihon,eBookJapan,1,1
ebookstore.sony.jp,mihon,Reader Store,1,1
ecchi-doujin.com,mihon,Ecchi-Doujin,1,1
eggporncomics.com,mihon,Eggporncomics,1,1
egotoons.com,mihon,Ego Toons,1,1
egscomics.com,mihon,El Goonish Shive,1,1
elan.school,mihon,Elan School,1,1
eldermanga.com,mihon,Elder Manga,1,1
elftoon.com,aidoku|mihon,Elf Toon|en.elftoon,2,2
elitebabes.com,mihon,Elite Babes,1,1
emaqi.com,mihon,emaqi,1,1
empreguetes.wtf,mihon,Maid Scan,1,1
en-hijala.com,mihon,Hijala Scans,1,1
en-thunderscans.com,mihon,Thunder Scans,1,1
en.girlstop.info,mihon,GirlsTop,1,1
en.xchina.co,mihon,小黄书,1,1
enchiladascan.github.io,mihon,EnchiladaScan,1,1
epsilonscan.to,mihon,Epsilon Scan,1,1
epsilonsoft.to,mihon,Soft Epsilon Scan,1,1
erisscans.com,mihon,Eris Scans,1,1
ero18x.com,mihon,Ero18x,1,1
erofus.com,mihon,Erofus,1,1
erosect.xyz,mihon,EroSect,1,1
es.mi2manga.com,mihon,Es.Mi2Manga,1,1
es.niadd.com,mihon,Niadd,1,1
es.novelcool.com,mihon,NovelCool,1,1
es.xchina.co,mihon,小黄书,1,1
es.xkcd.com,mihon,xkcd,1,1
eshadow.net,mihon,EShadow,1,1
eskimangalar.com,mihon,Eski Mangalar,1,1
eternalmangas.org,aidoku|mihon,EternalMangas|es.eternalmangas,2,2
euphoriascan.com,mihon,Euphoria Scan,1,1
evascans.net,mihon,Eva Scans,1,1
everia.club,mihon,Everia.club,1,1
everiaclub.com,mihon,EveriaClub (unoriginal),1,1
evil-manga.eu,mihon,Evil production,1,1
exhentai.net.br,mihon,ExHentai.net.br,1,1
existentialcomics.com,mihon,Existential Comics,1,1
explosm.net,mihon,Cyanide & Happiness,1,1
ezmanga.org,aidoku|mihon,EZmanga|en.ezmanga,2,2
fairyscans.org,mihon,Fairy Scans,1,1
falcoscan.net,mihon,Falco Scan,1,1
fanfox.net,mihon,MangaFox,1,1
fastscan.org,mihon,FastScan,1,1
faust-web.com,mihon,Faust,1,1
favcomic.com,mihon,喜漫漫画,1,1
fbsquadx.com,mihon,Fleur Blanche,1,1
feixuemh.com,cimoc,FEIXUEMH,1,1
femjoyhunter.com,mihon,Femjoy Hunter,1,1
fenixproject.site,mihon,Fenix Project,1,1
ffppt.com,venera,飞翔漫画,1,2
fin-manga.com,mihon,Fin Manga,1,1
firecross.jp,mihon,FireCross,1,1
firescans.xyz,aidoku|mihon,Firescans|en.firescans,2,2
flamecomics.xyz,aidoku|mihon,Flame Comics|en.flamecomics,2,2
flowercomics.jp,mihon,Flower Comics,1,1
flowermanga.net,aidoku,pt.flowermanga,1,1
flowermangas.net,mihon,FlowerManga.net,1,1
fmteam.fr,aidoku|mihon,FMTEAM|fr.fmteam,2,2
foamgirl.net,mihon,FoamGirl,1,1
foxtruyen2.com,aidoku|mihon,FoxTruyen|vi.foxtruyen,2,2
fr.niadd.com,mihon,Niadd,1,1
fr.novelcool.com,mihon,NovelCool,1,1
freewebnovel.com,aidoku,en.freewebnovel,1,1
frieren.online,mihon,Frieren Online,1,1
ftvhunter.com,mihon,FTV Hunter,1,1
furyosociety.com,mihon,FuryoSquad,1,1
g-comi.jp,mihon,G-Comi,1,1
g-mh.org,cimoc,GODAMH,1,1
gafeland.com,mihon,gafeland,1,1
gaiatoon.com,mihon,Gaiatoon,1,1
gakamangas.com,mihon,GakaMangas,1,1
galaxscanlator.blogspot.com,mihon,GALAX Scans,1,1
galaxymanga.io,mihon,Galaxy Manga,1,1
ganganonline.com,mihon,Gangan Online,1,1
ganma.jp,mihon,GANMA!,1,1
gantzvn.com,mihon,GantzVN,1,1
garciamanga.com,mihon,Garcia Manga,1,1
gaugau.futabanet.jp,mihon,がうがうモンスター＋,1,1
gdscans.com,mihon,GalaxyDegenScans,1,1
geasscomics.xyz,mihon,Geass Comics,1,1
gedecomix.com,mihon,GEDE Comix,1,1
gensura.net,mihon,Gensura,1,1
genztoons.org,mihon,Genz Toons,1,1
gfmh.app,venera,古风漫画,1,2
ghostoon.com,mihon,GhosToon,1,1
ghostscan.xyz,mihon,Ghost Scan,1,1
giantitp.com,mihon,The Order Of The Stick (OOTS),1,1
gingertoon.com,mihon,GingeRTooN,1,1
gistamishousefansub.blogspot.com,mihon,Gistamis House,1,1
git.nyne.dev,venera,MangaDex,1,1
global.manga-up.com,mihon,Manga UP!,1,1
global.toomics.com,mihon,Toomics (Only free chapters),1,9
globalcomix.com,mihon,GlobalComix,1,41
gmanhua.com,cimoc,SHOUJIMH|ShouJiManHua,1,2
gmh1234.wszwhg.net,venera,漫画1234,1,3
go-manga.com,aidoku|mihon,Go Manga|th.gomanga,2,2
goctruyentranh.com,mihon,GocTruyenTranh,1,1
goctruyentranhvui41.com,mihon,Goc Truyen Tranh Vui,1,1
god-doujin.com,mihon,God-Doujin,1,1
godamanga.art,cimoc,GoDaMH,1,1
godamh.com,aidoku|cimoc,HaoManEight|zh.godamanga,2,2
gojoscans.com,mihon,Greed Scans,1,1
golgebahcesi.com,mihon,Gölge Bahçesi,1,1
goonscans.org,mihon,Goon Scans,1,1
gorakuweb.com,mihon,Goraku Web,1,1
gourmetsupremacy.com,mihon,Gourmet Scans,1,1
grabber.zone,aidoku|mihon,Grabber Zone|multi.grabberzone,2,2
gremoryhistorias.org,mihon,Gremory Mangas,1,1
grimscans.com,mihon,Grim Scans,1,1
grrlpowercomic.com,mihon,Grrl Power Comic,1,1
guazimanhua.com,mihon|venera,瓜子漫画,2,3
gufengmanhua.com,cimoc,GuFengWang,1,1
gufengmh.com,cimoc,GuFengManHua,1,1
gufengmh9.com,legado,古风漫画,1,2
gunnerkrigg.com,mihon,Gunnerkrigg Court,1,1
guya.cubari.moe,aidoku|mihon,Guya|en.guya,2,2
h-comic.com,mihon|venera,H-Comic,2,4
hachiraw.net,mihon,Hachiraw,1,1
hachiraw.win,mihon,Manga1000,1,1
hachirumi.com,mihon,Hachirumi,1,1
hadesscans.com,mihon,Hades Scans,1,1
hana-book.fr,mihon,Hana Book,1,1
hanamiheaven.org,mihon,Hanami Heaven,1,1
hanayume.com,mihon,Hana To Yume+,1,1
hanimeone.me,mihon,Hanime1.me,1,1
hanman18.com,mihon,HANMAN18,1,1
hanmandq.com,legado,韩漫大全,1,2
hanmokkuscan.blogspot.com,mihon,Hanmokku Scan,1,1
hao8.net,legado,🎨 好吧漫画,1,2
haoduoman.com,cimoc,HAODUOMAN,1,1
haokantxt.com,venera,好看漫画,1,1
happymh.com,aidoku|mangareader|venera,happy|zh.happymh|嗨皮漫画,3,5
harmony-scan.fr,mihon,Harmony-Scan,1,1
hattorimanga.net,mihon,Hattori Manga,1,1
hattoriscans.com,mihon,Hattori Scans,1,1
hayacomic.jp,mihon,HAYA Comic,1,1
hayalistic.online,mihon,Hayalistic,1,1
hdoujin.org,mihon,HDoujin,1,6
heavenmanga.com,mihon,HeavenManga,1,1
hennojin.com,mihon,Hennojin,1,2
hennoveltranslations.com,aidoku,en.hennoveltranslations,1,1
hentai-archive.com,mihon,HentaiArchive,1,1
hentai-cosplay-xxx.com,mihon,Hentai Cosplay,1,1
hentai-origines.com,mihon,Hentai Origines,1,1
hentai-scantrad.org,mihon,Hentai-Scantrad,1,1
hentai.scanreader.net,mihon,Hentai Scan Reader,1,1
hentai3z.cc,mihon,Hentai3z.CC,1,1
hentai4free.net,mihon,Hentai4Free,1,1
hentaiclub.net,mihon,绅士会所,1,1
hentaicrot.com,mihon,Hentai Crot,1,1
hentaienvy.com,mihon,HentaiEnvy,1,8
hentaiera.com,mihon,HentaiEra,1,8
hentaifantasy.it,mihon,HentaiFantasy,1,1
hentaifox.com,mihon,HentaiFox,1,5
hentaihall.com,mihon,HentaiHall,1,1
hentaihand.com,mihon,HentaiHand,1,34
hentaihere.com,mihon,HentaiHere,1,1
hentaikisu.com,mihon,HentaiKisu,1,1
hentaikun.com,mihon,HentaiKun,1,1
hentailek.com,mihon,هنتاي ليك,1,1
hentailib.me,mihon,HentaiLib,1,1
hentailoop.com,mihon,HentaiLoop,1,1
hentaiman.net,mihon,HentaiMan,1,1
hentaimode.com,mihon,HentaiMode,1,1
hentainexus.com,mihon,HentaiNexus,1,1
hentairead.com,mihon,HentaiRead,1,1
hentairead.io,mihon,HentaiRead.io,1,1
hentairox.com,mihon,HentaiRox,1,4
hentaisco.cc,mihon,HentaiSco,1,1
hentaiseason.com,mihon,Hentai Season,1,1
hentaislayer.net,mihon,هنتاي سلاير,1,1
hentaitnt.net,mihon,HentaiTnT,1,1
hentaitokyo.net,mihon,Hentai Tokyo,1,1
hentaivn.show,mihon,HentaiVN.plus,1,1
hentaivnx.com,mihon,HentaiVNx,1,1
hentaixcomic.com,mihon,HentaiXComic,1,1
hentaixdickgirl.com,mihon,HentaiXDickgirl,1,1
hentaixyuri.com,mihon,HentaiXYuri,1,1
hentaizap.com,mihon,HentaiZap,1,8
hentaizone.xyz,mihon,HentaiZone,1,1
hentalk.pw,mihon,SpyFakku,1,1
hentara.com,mihon,Hentara,1,1
heros-web.com,mihon,HERO'S Web,1,1
hhentai.fr,mihon,HistoireDHentai,1,1
hijala.com,mihon,Hijala,1,1
hikarinagi.org,mihon,Hikarinagi,1,1
hiperdex.tv,mihon,Hiperdex,1,1
hipertoon.com,mihon,Hipertoon,1,1
hipmh.com,venera,嬉皮漫畫,1,1
hitomi.la,aidoku|venera,hitomi.la|multi.hitomi,2,4
hivetoons.org,aidoku|mihon,Hive Scans|en.hivescans,2,2
hiveworkscomics.com,mihon,Hiveworks Comics,1,1
hizomanga.net,mihon,Hizo Manga,1,1
hmba.vip,legado,🎨 韩漫吧,1,2
hni-scantrad.net,mihon,HNI-Scantrad,1,1
holodek.run,mihon,Holotoon,1,1
holoearth.com,mihon,HOLONOMETRIA,1,3
holyscans.com.tr,mihon,Holy Scans,1,1
honey-manga.com.ua,mihon,HoneyManga,1,1
honeytoon.com,mihon,Honeytoon,1,6
horahentai.com,mihon,Hora Hentai,1,1
hotcabaretscan.com,mihon,Hot Cabaret Scan,1,1
hotcomics.me,mihon,HotComics,1,1
houseofotakusv2.xyz,mihon,House Of Otakus,1,1
housesaikai.net,mihon,Saikai Scan,1,1
hq-now.com,mihon,HQ Now!,1,1
hunlightcomics.com,mihon,Hunlight Comics,1,1
hv2tcomics.net,mihon,Học Viện 2Ten,1,1
hyakuro.net,mihon,Hyakuro Translations,1,1
ichicomi.com,mihon,Ichicomi,1,1
id.mgkomik.cc,mihon,MG Komik,1,1
idmzj.com,mangareader,dmzj,1,1
idol.gravureprincess.date,mihon,Idol. gravureprincess .date,1,1
ikanhm.top,legado,🎨爱看韩漫🔞,1,2
ikmmh.com,venera,爱看漫,1,4
ikuhentai.net,mihon,Ikuhentai,1,1
im.manga-chan.me,mihon,MangaChan,1,1
imanevilgod.com,mihon,I'm An Evil God,1,1
imhentai.xxx,mihon,IMHentai,1,8
imitui.com,cimoc,MITUI,1,1
imperiodabritannia.net,mihon,Sagrado Império da Britannia,1,1
imperiomanhua.com,mihon,Emperor Scan,1,1
incase.buttsmithy.com,mihon,Buttsmithy,1,1
infinity896.blogspot.com,mihon,Orca Manga,1,1
infinityscans.org,mihon,InfinityScans,1,1
infrafandub.com,mihon,InfraFandub,1,1
inkapk.net,mihon,Inkapk,1,1
inkstory.net,mihon,InkStory,1,1
inmanga.com,mihon,InManga,1,1
insanoslibrary.com,mihon,InsanosScan,1,1
inventariooculto.com,mihon,Inventario Oculto,1,1
iqiyi.com,legado|mihon,✐ ㊣爱奇艺漫画 #Haxc1107|爱奇艺叭嗒|🎨 爱奇艺漫画|🎨爱奇艺漫画 ,2,7
irovedout.com,mihon,I Roved Out,1,1
isekaiscan.top,mihon,IsekaiScan.top (unoriginal),1,1
it.niadd.com,mihon,Niadd,1,1
it.novelcool.com,mihon,NovelCool,1,1
iyouman.com,legado,🎨 爱优漫📱|🎨 爱优漫📱 |🎨爱优漫,1,6
izanamiscans.my.id,mihon,Izanami Scans,1,1
izneo.com,mihon,izneo,1,2
j-novel.club,mihon,J-Novel,1,1
japscan.foo,mihon,Japscan,1,1
jcomic.net,mihon|venera,JComic|jcomic.net,2,4
jinmangas.com,mihon,Jinmangas,1,1
jjcos.com,mihon,JJCOS,1,1
jjmhw.cc,legado,久久漫画-ζ,1,2
jjmhw2.top,mihon,Manga Xiao Si,1,1
jmanga.cyou,mihon,Jmanga,1,1
jolleycomics.com,mihon,The Property of Hate,1,1
joymiihub.com,mihon,Joymii Hub,1,1
juinjutsureader.ovh,mihon,Juin Jutsu Team Reader,1,1
jumptoon.com,mihon,Jump Toon,1,1
kabusmanga.com,mihon,Kabus Manga,1,1
kagane.to,mihon,Kagane,1,18
kaizenscan.com,mihon,Kaizen Scan,1,1
kaliscan.com,mihon,KaliScan,1,1
kamicomi.com,mihon,KamiComic,1,1
kanman.com,cimoc|legado|venera,ManHuaTai|看漫画|🎨 看漫画M|🎨 看漫画M #Haxc1107|🎨看漫画M,3,8
kansai.mag-garden.co.jp,mihon,MagKan,1,1
kanzenin.info,aidoku|mihon,Kanzenin|id.kanzenin,2,2
kappabeast.com,mihon,Kappa Beast,1,1
kawaiimanga.org,mihon,Kawii Manga,1,1
kaynscans.com,mihon,Kayn Scans,1,1
kazokuden.com,mihon,Kazoku Den,1,1
kemono.cr,mihon,Kemono,1,1
kencomics.com,mihon,Ken Scans,1,1
kewnscans.org,mihon,Kewn Scans,1,1
khomanhwa.com,mihon,KhoManhwa,1,1
killsixbilliondemons.com,mihon,KillSixBillionDemons,1,1
kimicomi.com,mihon,KimiComi,1,1
kingcomix.com,mihon,KingComiX,1,1
kingofshojo.com,mihon,King of Shojo,1,1
kirapo.jp,mihon,Kiraboshi,1,1
kiraproject.lat,mihon,Harem de Kira,1,1
kissmanga.in,mihon,Kissmanga.in,1,1
kitsuneyako.com,mihon,Point Zero Toons,1,1
kiutaku.com,mihon,Kiutaku,1,1
kivaratoons.com,mihon,KivaraToons,1,1
kiwiyascans.com,mihon,Kiwiya Scans,1,1
klikmanga.org,mihon,KlikManga,1,1
klmanga.net,mangareader,kl,1,1
klraw.info,mihon,KL Raw,1,1
klto9.com,mihon,Klto9,1,1
klz9.com,mihon,KissLove,1,1
kmanga.kodansha.com,mihon,K Manga,1,1
kmansin09.top,mihon,Kmansin09,1,1
kodansha.us,mihon,Kodansha,1,1
kodokustudio.com,mihon,Kodoku Studio,1,1
kokomangas.com,mihon,KokoMangas,1,1
komiic.cc,venera,Komiic,1,3
komiic.com,aidoku|cimoc|mihon|venera,KOMIIC|Komiic|zh.komiic,4,5
komikdewasa.art,mihon,Komik Dewasa Art,1,1
komikdewasa.mom,mihon,Komik Dewasak,1,1
komikindo.cam,mihon,Komikindo,1,1
komikindo.ch,mihon,KomikIndoID,1,1
komiknextgonline.com,mihon,Komik Next G Online,1,1
komiksin.net,aidoku,id.komiksin,1,1
komikstation.org,mihon,Komik Station,1,1
komiktap.info,aidoku|mihon,Komiktap|id.komiktap,2,2
komiku.org,mihon,Komiku,1,1
komikzoid.id,mihon,Komikzoid,1,1
korelimanga.com,mihon,Koreli Manga,1,1
kr.xchina.co,mihon,小黄书,1,1
ksgroupscans.com,mihon,KSGroupScans,1,1
kuaikanmanhua.com,legado|mihon,快看漫画|快看漫画M|🎨 快看漫画$|🎨快看漫画,2,7
kukk.net,legado,酷看漫画,1,2
kumapoi.info,mihon,KumaPoi,1,1
kumaraw.com,mihon,Kumaraw,1,1
kumwu2.com,cimoc,KUMANWU,1,1
kunmanga.online,mihon,Kun Manga Online,1,1
kuragebunch.com,mihon,Kurage Bunch,1,1
kuramanga.com,mihon,KuraManga,1,1
kuroimanga.site,mihon,Kuroi Manga,1,1
kuromanga.id,mihon,Kuro Manga,1,1
kuromangas.com,mihon,KuroMangas,1,1
lagoonscans.com,mihon,Lagoon Scans,1,1
laimanhua88.com,cimoc|venera,LAIMH|来漫画|来漫画（分流）,2,3
lanhlungteam3.top,mihon,Team Lạnh Lùng,1,1
lanortrad.com,mihon,LanorTrad,1,1
lavascans.com,mihon,Lava Scans,1,1
laviniafansub.shop,mihon,Lavinia Fansub,1,1
lc2.mangakuri.online,mihon,Mangakuri,1,1
lector-darkroomfansub.blogspot.com,mihon,Dark Room Fansub,1,1
lector.lolivault.net,mihon,Lolivault,1,1
lector.ragnascan.xyz,mihon,Ragna Scans,1,1
lectorhades.latamtoon.com,mihon,Hades no Fansub,1,1
lectorhub.j5z.xyz,mihon,Jeaz Scans,1,1
lectormangass.com,mihon,LectorManga.lat,1,1
lectortaurus.com,mihon,Taurus Fansub,1,1
leemiau.com,mihon,Miau Scan,1,2
leercapitulo.co,mihon,LeerCapitulo,1,1
leermanhwas.com,mihon,LeerManhwas,1,1
legionscans.com,mihon,Cerberus Series,1,1
leitor.borutoexplorer.com.br,mihon,Boruto Explorer,1,1
leitor.kamisama.com.br,mihon,Kami Sama Explorer,1,1
leitordemangas.com,mihon,Leitor de Mangas,1,1
leituramanga.net,mihon,Leitura Mangá,1,1
lelmanga.com,mihon,Lelmanga,1,1
lelscanfr.com,mihon,Lelscan-VF,1,1
lelscans.net,mihon,Lelscan,1,1
lepoytl.my.id,mihon,LepoyTL,1,1
ler999.blogspot.com,mihon,Ler 999,1,1
lerhentais.com,mihon,Hipercool,1,1
lermangas.me,mihon,Ler Mangas,1,1
leslie-victims.pages.dev,mihon,Leslie&Victims,1,1
lesporoiniens.org,mihon,Les Poroiniens,1,1
lhtranslation.net,mihon,LHTranslation,1,1
lianscans.com,mihon,LianScans,1,1
likemanga.ink,mihon,LikeManga,1,1
lilymanga.net,mihon,Lily Manga,1,1
limonmanga.com,mihon,Limon Manga,1,1
link-manga.net,mihon,مانجا لينك,1,1
linkmanga.com,mihon,LinkManga,1,1
liumanhua.com,cimoc|mihon,BMG|六漫画,2,2
lmtos.net,mihon,Lmtos,1,1
loadingartist.com,mihon,Loading Artist,1,1
loner-tl.blogspot.com,mihon,Loner Translations,1,1
loppytoonn.com,mihon,LoppyToon,1,1
love4u.net,mihon,Love4u,1,1
loverstoon.com,mihon,Cerise Scan,1,1
lrr.tvc-16.science,venera,Lanraragi,1,4
luacomic.org,mihon,Lua Scans,1,1
luminaretranslations.com,mihon,Luminare Translations,1,1
lunapiecesfansub.com,mihon,Luna Pieces,1,1
lunarx.to,mihon,Lunar Manga,1,32
lunatoons.org,mihon,Luna Toons,1,1
luottruyen999.com,mihon,LuotTruyen,1,1
lupiteam.net,mihon,LupiTeam,1,1
luratoons.net,mihon,Lura Toon,1,1
luscious.net,mihon,Luscious,1,12
lustoon.com,mihon,LustToon,1,1
luvevalands2.co,mihon,LuvEvaLand,1,1
lxmanga.org,mihon,LxManga.org (unoriginal),1,1
lxmanga.space,mihon,LXManga,1,1
lycantoons.com,mihon,Lycan Toons,1,1
m440.in,mihon,Mangas.in,1,1
madaradex.org,mihon,MadaraDex,1,1
madarascans.org,mihon,Madara Scans,1,1
magcomi.com,mihon,MAGCOMI,1,1
magustoon.org,aidoku|mihon,Magus Manga|en.magusmanga,2,2
mahouirexnohentaikarte.com,mihon,Mahouirexnohentaikarte,1,1
mahoushoujobu.com,mihon,Magical Translators,1,3
maid.my.id,mihon,Maid - Manga,1,1
makimaaaaa.com,mihon,Makimaaaaa,1,1
manatoki552.net,mihon,Manatoki,1,1
manben.com,cimoc|venera,HAOMAN6|漫本,2,2
manga-5.com,mihon,Manga-5,1,1
manga-ai-land.blogspot.com,mihon,Manga Ai Land,1,1
manga-corporation.com,mihon,Manga-Corporation,1,1
manga-lc.net,mihon,Manga-Lc,1,1
manga-lionz.org,mihon,MangaLionz,1,1
manga-mee.jp,mihon,MangaMee,1,1
manga-meets.jp,mihon,MangaMeets,1,1
manga-no.com,mihon,MangaNo,1,1
manga-nova.com,mihon,MangaNova,1,1
manga-one.com,mihon,Manga One,1,1
manga-oni.com,mihon,MangaOni,1,1
manga-park.com,mihon,Manga-Park,1,1
manga-scantrad.io,mihon,Manga-Scantrad,1,1
manga-sehri.net,mihon,Manga Şehri.net,1,1
manga-shi.org,mihon,Manga-shi,1,1
manga-tr.com,mihon,Manga-TR,1,1
manga-tube.me,mihon,Manga Tube,1,1
manga-up.com,mihon,Manga UP! (Japan),1,1
manga-zegra.com,mihon,Manga Zegra,1,1
manga.bilibili.com,legado,哔哩哔哩漫画 #Haxc,1,2
manga.clone-army.org,mihon,Clone Manga,1,1
manga.d34d.one,mihon,Monochrome Scans,1,1
manga.detectiveconanar.com,mihon,شبكة كونان العربية,1,1
manga.fansubs.cat,mihon,Fansubs.cat,1,1
manga.fod.fujitv.co.jp,mihon,FOD,1,1
manga.hentai.cat,mihon,Hentai.cat,1,1
manga.honkaiimpact3.com,mihon,Honkai Impact 3rd,1,1
manga.in.ua,mihon,MANGA/in/UA,1,1
manga.io.vn,aidoku|mihon,DocTruyen5s|vi.doctruyen5s,2,2
manga.line.me,mihon,Line Manga,1,1
manga.madokami.al,aidoku|mihon,Madokami|en.madokami,2,2
manga.nicovideo.jp,aidoku,ja.nicovideoseiga,1,1
manga.uno,mihon,Manga.uno,1,1
manga1688.com,mihon,Manga168,1,1
manga18.club,mihon,Manga18.Club,1,1
manga18.me,mihon,Manga18.me,1,2
manga18free.com,mihon,Manga18Free,1,1
manga18fx.com,mihon,Manga18fx,1,2
manga18x.net,mihon,Manga 18x,1,1
manga2026.com,venera,热辣漫画,1,3
mangaapi.manhuaren.com,mihon,漫画人,1,1
mangabahcesi.com,mihon,Manga Bahçesi,1,1
mangaball.net,mihon,Manga Ball,1,42
mangabats.com,aidoku|mihon,Mangabat|en.mangabat,2,2
mangablackcat.com,mihon,MangaBlackCat,1,1
mangablaze.com,mihon,MangaBlaze,1,1
mangabolt.com,mihon,MangaBolt,1,1
mangabu.jp,mihon,MangaBu,1,1
mangabuff.ru,mihon,MangaBuff,1,1
mangabz.com,aidoku|cimoc|mangareader|mihon|venera,MangaBZManHua|Mangabz|mbz|zh.mangabz,5,5
mangacanblog.com,mihon,Manga Can,1,1
mangack.com,mihon,Mangack,1,1
mangacloud.online,mihon,MangaCloud,1,1
mangacloud.org,mihon,MangaCloud,1,1
mangacopy.com,mangareader,copy,1,1
mangacrab.org,mihon,Manga Crab,1,1
mangacrazy.net,mihon,MangaCrazy,1,1
mangadar.com,mihon,MangaDar,1,1
mangadash.net,mihon,MangaDash,1,1
mangadass.com,mihon,Manga Dass,1,1
mangade.io,mihon,MangaDE,1,1
mangadenizi.net,mihon,MangaDenizi,1,1
mangadex.org,aidoku|mihon|venera,MangaDex|multi.mangadex,3,66
mangadia.com,mihon,MangaDia,1,1
mangadistrict.com,aidoku|mihon,Manga District|en.mangadistrict,2,2
mangadiyari.com,mihon,Manga Diyarı,1,1
mangadna.com,mihon,MangaDNA,1,2
mangadot.net,aidoku|mihon,MangaDot|multi.mangadotnet,2,109
mangadraft.com,mihon,MangaDraft,1,1
mangadrama.com,mihon,Manga Drama,1,1
mangadusleri.mom,mihon,Mangadusleri,1,1
mangafire.to,aidoku|mihon,MangaFire|multi.mangafire,2,8
mangaflix.net,mihon,MangaFlix,1,1
mangaforfree.com,mihon,Mangaforfree.com,1,1
mangaforfree.net,mihon,MangaForFree.net,1,3
mangafox.fun,mihon,MangaFox.fun,1,1
mangafree.info,mihon,Mangafree,1,1
mangagg.com,mihon,MangaGG,1,1
mangago.fun,mihon,MangaGo.fun,1,1
mangago.me,aidoku|mihon,Mangago|en.mangago,2,2
mangahe.com,mihon,MangaHe,1,1
mangahere.cc,mihon,Mangahere,1,1
mangahere.onl,mihon,MangaHere.onl,1,1
mangahona.pl,mihon,MangaHoNa,1,1
mangahub.fr,mihon,MangaHub.fr,1,1
mangahub.io,mihon,MangaHub,1,1
mangahub.ru,mihon,Mangahub,1,1
mangaisekaithai.net,mihon,MangaIsekaiThai,1,1
mangak.io,mihon,MangaK,1,1
mangaka.cc,mihon,MangaKa,1,1
mangakakalot.fun,mihon,Mangakakalot.fun,1,1
mangakakalot.gg,aidoku|mihon,Mangakakalot|en.mangakakalot,2,2
mangakatana.com,mihon,MangaKatana,1,1
mangakawaii.fr,mihon,Mangakawaii,1,1
mangakimi.com,mihon,MangaKimi,1,1
mangakiss.org,mihon,Manga Kiss,1,1
mangakuro.net,mihon,MangaKuro,1,1
mangakusu.com,mihon,Manga Kusu,1,1
mangalay.blogspot.com,mihon,Mangalay,1,1
mangalect.org,mihon,LeerMangaEsp,1,1
mangalib.me,mihon,MangaLib,1,1
mangalik.net,mihon,مانجا ليك,1,1
mangalivre.blog,mihon,Manga Livre Blog,1,1
mangalivre.org,mihon,MangaLivre.org,1,1
mangalivre.to,aidoku|mihon,Manga Livre.to|pt.mangalivre,2,2
mangalix.com,mihon,MangaLix,1,1
mangalt.jp,mihon,Mangalt,1,1
mangamaniacs.org,mihon,MangaManiacs,1,1
mangamelon.com,mihon,MangaMelon,1,1
mangamen.com,mihon,MangaMen,1,1
mangamillion.shueisha.co.jp,mihon,Manga Million,1,108
mangamirai.com,mihon,Manga Mirai,1,1
mangamo.com,mihon,Mangamo,1,1
mangamoins.com,mihon,MangaMoins,1,1
mangamukai.com,mihon,Manga Mukai,1,1
mangamura.me,aidoku|mihon,Manga Mura|ja.mangamura,2,2
manganato.gg,aidoku,en.manganato,1,1
manganel.me,mihon,MangaNel,1,1
manganow.to,mihon,MangaNow,1,1
manganyx.com,mihon,Manga NXY,1,1
mangaonline.fun,mihon,MangaOnline.fun,1,1
mangaonline.green,mihon,Manga Online,1,1
mangaowl.io,mihon,MangaOwl.io (unoriginal),1,1
mangapanda.onl,mihon,MangaPanda.onl,1,1
mangapdf.org,mihon,MANGAPDF,1,1
mangapill.com,mihon,MangaPill,1,1
mangaplus-creators.jp,mihon,MANGA Plus Creators by SHUEISHA,1,2
mangaplus.shueisha.co.jp,aidoku|mihon,MANGA Plus by SHUEISHA|multi.mangaplus,2,10
mangapoisk.me,mihon,MangaPoisk,1,1
mangaportali.com,mihon,Manga Portalı,1,1
mangarama.com.ua,mihon,Mangarama,1,1
mangaraw.best,aidoku,ja.mangarawbest,1,1
mangarawjp.tv,aidoku,ja.mangarawjp,1,1
mangaread.org,aidoku|mihon,MangaRead.org|en.mangareadorg,2,2
mangareader.in,mihon,MangaReader.in,1,1
mangareader.site,mihon,MangaReader.site,1,1
mangaromance19.com,mihon,Manga Romance,1,1
mangas-origines.fr,mihon,Mangas-Origines.fr,1,1
mangas.codearctraducciones.com,mihon,Code Arc Mangas,1,1
mangasbrasuka.org,mihon,Mangas Brasuka,1,1
mangasect.net,aidoku,en.mangasect,1,1
mangasnosekai.com,mihon,Mangas No Sekai,1,1
mangaspa.nikkan-spa.jp,mihon,Manga SPA,1,1
mangastep.com,mihon,Mangastep,1,1
mangastop.net,mihon,Manga Stop,1,1
mangasushi.org,mihon,Mangasushi,1,1
mangasusuku.com,aidoku|mihon,Mangasusu|id.mangasusu,2,2
mangatales.com,mihon,Manga Tales,1,1
mangataro.org,mihon,MangaTaro,1,1
mangatek.com,mihon,MangaTek,1,1
mangatime.org,mihon,MangaTime,1,1
mangatoday.fun,mihon,MangaToday,1,1
mangatoon.mobi,mihon,MangaToon (Limited),1,9
mangatop.org,mihon,Top Manhua,1,1
mangatown.com,mihon,Mangatown,1,1
mangatrend.org,mihon,Manga Trend,1,1
mangatuk.com,mihon,MangaTuk,1,1
mangatv.net,mihon,Manga  TV,1,1
mangatx.cc,aidoku|mihon,MangaTX|en.mangatx,2,2
mangavyvy.net,mihon,VyvyManga,1,1
mangaworld.mx,aidoku|mihon,Mangaworld|it.mangaworld,2,2
mangaworldadult.net,aidoku|mihon,MangaworldAdult|it.mangaworldadult,2,2
mangawow.org,mihon,MangaWOW,1,1
mangawt.com,mihon,MangaWT,1,1
mangaxhentai.com,mihon,MangaHub,1,1
mangayi.com,mihon,MangaYi,1,1
mangayy.org,mihon,MangaYY,1,1
mangaz.com,mihon,マンガ図書館Z,1,1
mangazin.org,mihon,Zinmanga,1,1
mangazure.net,mihon,MangaZure,1,1
mangeek.app,mihon,ManGeek,1,1
mangolibreria.com,mihon,MangoLibreria,1,1
mangotoons.com,mihon,Mango Toons,1,1
mangtto.com,mihon,Mangitto,1,1
manhastro.net,mihon,Manhastro,1,1
manhatic.com,mihon,Manhatic,1,1
manhatok.blogspot.com,mihon,Manhatok,1,1
manhua.sfacg.com,venera,SF漫画,1,2
manhua.zaimanhua.com,mihon,再漫画,1,1
manhua3q.com,aidoku,vi.truyen3q,1,1
manhuabika.com,mihon,哔咔漫画,1,1
manhuabug.com,mihon,ManhuaBug,1,1
manhuadb.com,legado|mangareader,mhdb|✐ 漫画DB |✐ 漫画DB #Haxc1107|漫画大全,2,7
manhuafast.net,mihon,ManhuaFast.net (unoriginal),1,1
manhuagold.top,aidoku,en.manhuagold,1,1
manhuagui.com,mangareader|mihon|venera,mhgm|漫画柜,3,6
manhuahot.com,mihon,ManhuaHot,1,1
manhuakey.com,mihon,ManhuaKey,1,1
manhuako.net,mihon,Dynasty,1,1
manhuanext.com,mihon,Manhuanext,1,1
manhuapi.cc,venera,漫画皮,1,1
manhuaplus.com,mihon,Manhua Plus,1,1
manhuaplus.org,aidoku|mihon,ManhuaPlus (Unoriginal)|en.manhuaplusorg,2,2
manhuaren.com,venera,漫画人,1,5
manhuarmtl.com,mihon,Manhuarm,1,7
manhuarush.vercel.app,mihon,Manhua Rush,1,1
manhuascans.org,mihon,Goda,1,1
manhuatai.com,legado,🎨 漫画台🅰 #Haxc|🎨 漫画台🅰 #Haxc1107|🎨漫画台🅰,1,6
manhuathai.com,mihon,ManhuaThai,1,1
manhuatop.org,mihon,ManhuaTop,1,1
manhuauo.com,venera,香蕉漫画,1,2
manhuaus.com,mihon,ManhuaUS,1,1
manhuayu88.com,cimoc,MANHUAYU,1,1
manhuazonghe.com,mihon,Manhua Zonghe,1,1
manhwa-latino.com,mihon,Manhwa-Latino,1,1
manhwa-online.com,mihon,ManhwaOnline,1,1
manhwa-raw.com,mihon,Manhwa-raw,1,1
manhwa18.cc,mihon,Manhwa18.cc,1,3
manhwa18.com,mihon,Manhwa18,1,1
manhwa18.net,mihon,Manhwa18.Net,1,1
manhwa18.org,mihon,Manhwa18.org,1,1
manhwa68.com,mihon,Manhwa68,1,1
manhwabreakup.com,mihon,ManhwaBreakup,1,1
manhwabuddy.com,mihon,ManhwaBuddy,1,1
manhwaclub.net,mihon,ManhwaClub.net,1,2
manhwacomics.com,mihon,Manhwa Comics,1,1
manhwaden.com,mihon,ManhwaDen,1,1
manhwadesu.wiki,mihon,ManhwaDesu,1,1
manhwaget.com,mihon,ManhwaGet,1,1
manhwahub.net,mihon,ManhwaHub,1,1
manhwaindo.my,mihon,Manhwa Indo,1,1
manhwalike.com,mihon,Manhwalike,1,1
manhwalist.asia,mihon,Manhwa List,1,1
manhwalist02.site,aidoku,id.manhwalist,1,1
manhwamanhua.com,mihon,ManhwaManhua,1,1
manhwanex.com,mihon,ManhwaNex,1,1
manhwaread.com,mihon,ManhwaRead,1,1
manhwareads.com,mihon,Manhwa Reads,1,1
manhwas.me,mihon,ManhwasMe,1,1
manhwatoon.me,mihon,Manhwa Toon,1,1
manhwatop.com,mihon,Manhwatop,1,1
manhwaweb.com,mihon,ManhwaWeb,1,1
manhwax.top,aidoku,en.manhwax,1,1
manhwaz.com,mihon,ManhwaZ,1,1
manhwazone.com,mihon,ManhwaZone,1,1
manmanapp.com,cimoc|legado,MANMANMANHUA|㊣✐ 漫漫漫画 #一程1101|🎨 漫漫漫画 |🎨 漫漫漫画 #Haxc|🎨 漫漫漫画 💰|🎨漫漫漫画|🎨漫漫漫画 #Haxc1107,2,13
manta.net,mihon,Manta,1,2
mantrazscan.co,mihon,Mantraz Scan,1,1
manwa.me,mihon,漫蛙,1,1
manwali.cc,venera,漫蛙吧,1,1
manwang.net,venera,漫网,1,2
maofly.com,cimoc|mangareader,MH50|ManHuaCat|mhm,2,3
marketing.aiacgn.com,venera,拷贝漫画|拷贝漫画(多账号),1,7
marmota.me,mihon,Marmota,1,1
mayochuu.xyz,mihon,MayoTune,1,2
mechacomi.jp,mihon,Manga Saison,1,1
mechacomic.jp,mihon,Mecha Comic,1,1
mediocrescan.com,mihon,Mediocre Toons,1,1
megatokyo.com,mihon,Megatokyo,1,1
mehentai.live,mihon,MeHentai,1,1
mehgazone.com,mihon,Mehgazone,1,1
meijuntu.com,mihon,Junmeitu,1,1
meitoon.org,mihon,MeiToon,1,1
menudo-fansub.com,mihon,Menudo-Fansub,1,1
meosss.com,mihon,MeoSSS,1,1
meosua.org,mihon,MeoSua,1,1
merlintoon.com,mihon,Merlin Scans,1,1
meshmanga.com,mihon,MangaSwat,1,1
metarthunter.com,mihon,Metart Hunter,1,1
metruyen18.vip,mihon,MeTruyen18,1,1
mgeko.cc,mihon,MangaGeko,1,1
mgread.io,mihon,Mgread.io,1,1
mh160mh.com,cimoc,MH160CC,1,1
mhgui.com,mangareader,mhg,1,1
mhhanman.xyz,legado,🎨韩漫画🔞,1,2
mhkami.com,cimoc,YEMANMH,1,1
mhkan.com,legado,漫画看|🎨 漫画看,1,4
mhscans.com,mihon,MHScans,1,1
mhua5.com,cimoc|mihon,MANHUAWU|漫画屋,2,2
miaoqumh.org,mihon,喵趣漫画,1,1
mihentai.net,mihon,Mihentai,1,1
mikoroku.com,mihon,MikoRoku,1,1
mikrokosmosfb.blogspot.com,mihon,Mikrokosmos Fansub,1,1
miku-doujin.com,mihon,MikuDoujin,1,1
milftoon.xxx,mihon,Milftoon,1,1
millascan.com,mihon,MilaSub,1,1
mimihentai.moe,mihon,MiMi,1,1
mimihentai.net,mihon,MiMiHentai,1,1
minitwoscan.com,mihon,MiniTwo Scan,1,1
minotruyenv5.xyz,mihon,MinoTruyen Comics|MinoTruyen Hentai|MinoTruyen Manga,1,3
misskon.com,mihon,MissKon,1,1
mistscans.com,mihon,Mist Scans,1,1
mitaku.net,mihon,Mitaku,1,1
mkissa.to,mihon,AllManga,1,1
mkzhan.com,legado|venera,㊣✐ 漫客栈  #一程|漫客栈|🌵漫客栈🌵|🎨 漫客栈 #Haxc|🎨漫客栈 #Haxc1107,2,11
mm.sfacg.com,legado,SF漫画💰,1,2
mobileapp.comic-walker.com,venera,カドコミ,1,5
moe.suicaodex.com,mihon,MoeTruyenSuiCao (unoriginal),1,1
moetruyen.net,mihon,MoeTruyen,1,1
mojoin.com,venera,MOJOIN,1,2
mokuro.moe,mihon,Mokuro,1,1
momon-ga.com,mihon,momon:GA,1,1
monochromecms.netlify.app,mihon,Monochrome Custom,1,1
monomanga.com.tr,mihon,Mono Manga,1,1
monopolymanhua.com,mihon,Monopoly Scan,1,1
montetaiscanlator.xyz,mihon,Monte Tai,1,1
moondaisyscans.pro,mihon,Moon Daisy Scans,1,1
moxidongman.com,legado,MOXI动漫(8本)™,1,2
mrtenzus.com,mihon,MR Tenzus,1,1
mugiwarasoficial.org,mihon,Mugiwaras Oficial,1,1
muitohentai.com,mihon,Muito Hentai,1,1
multporn.net,mihon,Multporn,1,1
mundohentaioficial.com,mihon,Mundo Hentai,1,1
mundomanhwa.com,mihon,Mundo Manhwa,1,1
murim.site,mihon,Murim,1,1
murimscans.site,mihon,MurimScan,1,1
mwuu.cc,venera,漫蛙吧,1,3
mxqf.com,cimoc,BOLEFU|BoLeFu,1,2
mxshm.top,venera,漫小肆,1,3
myadultcomics.com,mihon,MyAdultComics,1,1
mybl.xyz,legado,🎟️啵乐漫画,1,2
mycomic.com,aidoku|cimoc|mihon|venera,MYCOMIC|MyComic|zh.mycomic,4,7
myhentaicomics.com,mihon,MyHentaiComics,1,1
myhentaigallery.com,mihon,MyHentaiGallery,1,1
myreadingmanga.info,mihon,MyReadingManga,1,13
nabicix.com,mihon,Koreli Scans,1,1
namicomi.com,mihon,NamiComi,1,43
namicomic.jp,mihon,Nami Comic,1,1
narasininja.net,mihon,NarasiNinja,1,1
natomanga.com,mihon,Manganato,1,1
natsu.one,mihon,Natsu,1,1
natsu.tv,aidoku,id.natsu,1,1
nb19u.blogspot.com,mihon,Oduto,1,1
nebulosascan.com,mihon,Nebulosa Scan,1,1
nekopost.net,mihon,Nekopost,1,1
nekoproject.org,mihon,NekoScans,1,1
nelomanga.net,aidoku,en.manganelo,1,1
nemesisscans.com,mihon,Nemesisscans,1,1
neomanga.online,mihon,NeoManga,1,1
nettruyen13s.com,mihon,NetTruyenS (unoriginal),1,1
nettruyenar.com,mihon,NetTruyenCO (unoriginal),1,1
nettruyenviet10.com,aidoku|mihon,NetTruyenViet (unoriginal)|vi.nettruyen,2,2
nettruyenx.net,mihon,NetTruyenX (unoriginal),1,1
neverscans.com,mihon,NeverScans,1,1
new.astratoons.com,mihon,Astratoons,1,1
newcat1.xyz,mihon,Catoons,1,1
newsmiss.lofter.com,legado,🗒 天花板网,1,2
nexcomic.com,mihon,NexComic,1,1
nexusscanlation.com,mihon,NexusScanlation,1,1
ngamenkomik05.blogspot.com,mihon,NgamenKomik,1,1
nhattruyenqq.com,mihon,NhatTruyen,1,1
nhentai.com,mihon,nHentai.com (unoriginal),1,22
nhentai.net,aidoku|mangareader|venera,multi.nhentai|nh|nhentai,3,5
nhentai.to,mihon,NHentai.to,1,5
nhentai.xxx,mihon,NHentai.xxx,1,4
nhentaiclub.online,mihon,NhentaiClub,1,1
niadd.com,mihon,Niadd,1,1
niceoppai.net,mihon,Niceoppai,1,1
nicomanga.com,mihon,Nicomanga,1,1
nihonkuni.com,mihon,NihonKuni,1,1
nikkangecchan.jp,mihon,Nikkangecchan,1,1
nineanime.com,mihon,NineAnime,1,1
ninekon.com,mihon,Ninekon,1,1
ninjacomics.xyz,mihon,Ninja Scan,1,1
nirvanamanga.com,mihon,Nirvana Manga,1,1
niverafansub.one,mihon,Nivera Fansub,1,1
nixmanga.com,mihon,NixManga,1,1
nnhanman.xyz,mihon,鸟鸟韩漫,1,1
nnv3api.dmzj1.com,legado,动漫之家,1,2
nobledicion.yoveo.xyz,mihon,Noblesse Translations,1,1
nocfsb.com,mihon,Nocturne Summer,1,1
noromax02.my.id,mihon,Noromax,1,1
novamanhwa.cc,mihon,Nova Manhwas,1,1
novelbuddy.me,aidoku,en.novelbuddy,1,1
novelcool.com,mihon,NovelCool,1,1
novelcrow.com,mihon,NovelCrow,1,1
novema.jp,mihon,Comic Grast,1,1
noxmangas.org,mihon,NoxManga,1,1
noymanga.com,venera,NoyManga,1,2
ntr-manga.net,mihon,NTR-Manga,1,1
nude-moon.org,mihon,Nude-Moon,1,1
nuviatoon.com,mihon,Nuvia Toon,1,1
nuxscans-comics.blogspot.com,mihon,Nux Scans,1,1
nx-toons.xyz,mihon,Nexus Toons,1,1
nyanukafe.com,mihon,Nyanu Kafe,1,1
nyrascans.com,mihon,Nyra Scans,1,1
nyxscans.com,aidoku|mihon,Nyx Scans|en.nyxscans,2,2
octopusmanga.com,mihon,OctopusManga,1,1
oglaf.com,mihon,Oglaf,1,1
ohjoysextoy.com,mihon,Oh Joy Sex Toy,1,1
okutoon.com,mihon,OkuToon,1,1
okyykomik.my.id,mihon,OkyyKomik,1,1
olympustaff.com,mihon,Team X,1,1
olympusxyz.com,mihon,Olympus Scanlation,1,1
omegascans.org,mihon,Omega Scans,1,1
omicaso.org,mihon,Omicaso,1,1
omoi.com,mihon,Omoi,1,1
one-piece-fans2.com,mihon,One Piece Fans,1,2
onemanga.info,mihon,OneManga.info,1,1
onereader.net,mihon,OneReader,1,1
onfmangas.com,mihon,ONF MANGAS,1,1
onisaga.com,mihon,OniSaga,1,8
onlythebesthentai.com,mihon,Only The Best Hentai,1,1
onma.top,mihon,مانجا اون لاين,1,1
ono.live,mihon,Ono,1,1
opiatoon.shop,mihon,Opiatoon,1,1
orchisasia.org,mihon,Orchisasia,1,1
orckumangas.com,mihon,Orcku Mangas,1,1
oremanga.net,mihon,OreManga,1,1
orimanga.net,mihon,Ori Manga,1,1
orion-scans.com,mihon,Orion Scans,1,1
ortegascans.fr,mihon,Ortega Scans,1,1
osakascan.com,mihon,Osaka Scan,1,1
ososedki.com,mihon,OSOSEDKI,1,1
otakusic.com,mihon,Otakusic,1,1
otruyen.cc,mihon,OTruyen,1,1
panda.chaika.moe,mihon,PandaChaika,1,20
panomic.online,mihon,Panomic,1,1
pantheon-scan.com,mihon,Pantheon Scan,1,1
paradise-bl.com,mihon,Paradise BL,1,1
paradisescans.com,mihon,Paradise Scans,1,1
paradoxscans.com,mihon,Paradox Scans,1,1
paritehaber.com,mihon,Paritehaber,1,1
pash-up.jp,mihon,Pash Up!,1,1
patchfriday.com,mihon,Patch Friday,1,1
patimanga.com,mihon,Pati Manga,1,1
pawchive.pw,mihon,Pawchive,1,1
pawmanga.com,mihon,Paw Manga,1,1
peppercarrot.com,mihon,Pepper&Carrot,1,1
perf-scan.xyz,mihon,Perf Scan,1,1
petrotechsociety.org,mihon,Petrotechsociety,1,1
phenix-scans.co,mihon,Phenix Scans (unoriginal),1,1
philiascans.org,mihon,Philia Scans,1,1
phoenixscans.com,mihon,Phoenix Scans,1,1
photos18.com,mihon,Photos18,1,1
piacomic.jp,mihon,PiaComic,1,1
picaapi.picacomic.com,venera,Picacg,1,3
picacomic.com,mangareader,pica,1,1
piccoma.com,mihon,Piccoma,1,1
pixhentai.com,mihon,Pix Hentai,1,1
pixiv.net,mihon,Pixiv,1,5
pizzariacomics.com,mihon,PizzariaScan,1,1
platinumlilyscan.com,mihon,Platinum Lily Scan,1,1
play.mobilelegends.com,mihon,MLBB Lore Comics,1,1
plotnofansub.com,mihon,Plot Twist No Fansub,1,1
plumacomics.cloud,mihon,Pluma Comics,1,1
pmatehunter.com,mihon,Playmate Hunter,1,1
pocket.shonenmagazine.com,mihon,Magazine Pocket,1,1
politeandgood.com,mihon,Broccoli Soup,1,1
pornhwa.fr,mihon,Pornwha.fr,1,1
pornhwa18.com,mihon,Pornhwa18,1,1
pornpics.com,mihon,PornPics,1,2
portalyaoi.com,mihon,Portal Yaoi,1,1
poseidon-scans.net,mihon,Poseidon Scans,1,1
pretty-frank.com,aidoku,th.prettyfrank,1,1
projectsuki.com,mihon,Project Suki,1,1
psunicorn.com,mihon,Pink Sea Unicorn,1,1
pufei.cc,cimoc,PUFEIMH|PuFeiManHua,1,2
qiman56.com,legado,🎨 奇漫屋,1,2
qimanga.com,mihon,QiScans,1,1
qimanga.org,aidoku,en.qiscans,1,1
qimanwu.org,cimoc,QIMANHUA,1,1
qimiqimi.net,legado,奇米动漫,1,2
qiremanhua.com,legado,✐ ㊣奇热漫画📱 #Haxc1107|奇热漫画📱💰,1,4
qiximh4.com,cimoc,QIXIMH,1,1
questionablecontent.net,mihon,Questionable Content,1,1
r1.richtoon.top,mihon,RichtoScan,1,1
rackusreads.com,mihon,Rackus,1,1
ragescans.com,mihon,Rage Scans,1,1
ragnarokscanlation.org,mihon,Ragnarok Scanlation,1,1
ragnarscans.net,mihon,Ragnar Scans,1,1
raijin-scans.fr,mihon,Raijin Scans,1,1
raindropteamfan.com,mihon,Raindrop Fansub,1,1
randowis.com,mihon,Randowiz,1,1
ravenscans.org,mihon,Raven Scans,1,1
raventard.xyz,mihon,RavenManga,1,1
raw.senmanga.com,aidoku|mihon,Sen Manga|ja.senmanga,2,2
raw1001.net,aidoku|mihon,Raw1001|ja.raw1001,2,2
raw18.icu,mihon,Raw18,1,1
rawbaka.com,mihon,RawBaka,1,1
rawdevart.art,aidoku|mihon,Rawdevart.art|ja.rawdevart,2,2
rawdex.net,mihon,RawDEX,1,1
rawinu.com,mihon,RawINU,1,1
rawkuma.net,aidoku|mihon|venera,Rawkuma|ja.rawkuma,3,4
rawkuro.net,aidoku,ja.rawkuro,1,1
rawmiu.com,mihon,RawMiu,1,1
rawotaku.com,aidoku|mihon,Raw Otaku|ja.rawotaku,2,2
rawuwu.net,mihon,Raw UwU,1,1
razure.org,mihon,Razure,1,1
rdscans.com,mihon,RD Scans,1,1
re-yume.my.id,mihon,ReYume,1,1
read-horimiya.online,mihon,Read Horimiya Online,1,1
read-nifteam.info,mihon,NIFTeam,1,1
read.manga-bay.org,mihon,Manga-Bay,1,1
read.oppai.stream,mihon,Oppai Stream,1,1
read.yagami.me,mihon,YagamiProject,1,1
readallcomics.com,mihon,ReadAllComics,1,1
readbagabondo.com,mihon,Read Vagabond Manga,1,1
readberserk.com,mihon,Read Berserk Manga,1,1
readcomiconline.li,mihon,ReadComicOnline,1,1
readcomicsonline.ru,aidoku|mihon,Read Comics Online|en.readcomicsonline,2,2
reader.deathtollscans.net,mihon,Death Toll Scans,1,1
reader.decadencescans.com,mihon,Decadence Scans,1,1
reader.gtothegreatsite.net,mihon,GTO The Great Site,1,1
reader.hastateam.com,mihon,Hasta Team,1,1
reader.hqread.cc,venera,漫画1234,1,1
reader.mangatellers.gr,mihon,Mangatellers,1,1
readhunters.xyz,mihon,Hunters Scan,1,1
reallifecomics.com,mihon,Real Life Comics,1,1
reapertrans.com,mihon,ReaperTrans,1,1
reimanga.net,mihon,ReiManga,1,1
renascans.net,mihon,Renascans,1,1
revistasequadrinhos.com,mihon,Revistas e Quadrinhos,1,1
revivalscans.com,mihon,Revival Scans,1,1
rfdragonscan.net,mihon,RF Dragon Scan,1,1
rimacomiplus.jp,mihon,RimacomiPlus,1,1
rimuscan.fr,mihon,Rimu Scans,1,1
rinkocomics.com,mihon,Rinko Comics,1,1
risentoons.xyz,mihon,Risentoons,1,1
ritharscans.com,mihon,RitharScans,1,1
riztranslation.pages.dev,mihon,Riztranslation,1,1
rizzcomic.com,mihon,Rizz Comic (unoriginal),1,1
rizzfables.com,aidoku|mihon,Rizz Comic|en.rizzfables,2,2
rncalation.online,mihon,Rncalation,1,1
rocksmanga.com,mihon,Rocks Manga,1,1
rokaricomics.com,mihon,RokariComics,1,1
rokuhentai.com,mihon,Roku Hentai,1,1
roliascan.com,mihon,Rolia Scan,1,1
rookie.shonenjump.com,mihon,Jump Rookie!,1,1
rosesquadscans.aishiteru.org,mihon,Rose Squad Scans,1,1
roseveil.org,mihon,Roseveil,1,1
rouman5.com,mangareader|mihon,rm5|肉漫屋,2,2
roxinha.online,mihon,Roxinha,1,1
ru.com-x.life,mihon,Com-X,1,1
ru.niadd.com,mihon,Niadd,1,1
ru.novelcool.com,mihon,NovelCool,1,1
rumanhua2.com,cimoc|mihon|venera,RUMANHUA|如漫画,3,4
ruyamanga.net,mihon,Rüya Manga.net,1,1
ruyamanga2.com,mihon,Rüya Manga,1,1
ryukomik.my.id,mihon,Ryukomik,1,1
s2read.com,mihon,S2Manga,1,1
sabrina-online.com,mihon,Sabrina Online,1,1
sacachispa.site,mihon,SACACHISPA,1,1
sai-zen-sen.jp,mihon,Twi4,1,1
samurai.j5z.xyz,mihon,SamuraiScan,1,1
sanascans.com,mihon,Sana Scans,1,1
sandraandwoo.com,mihon,Sandra and Woo|Sandra und Woo,1,2
sangchanhteam.com,mihon,SangChanhTeam,1,1
sapphirescan.com,mihon,SapphireScan,1,1
sas-api.fly.dev,mihon,Solar and Sundry,1,1
sasangeyou.net,mihon,Sasangeyou,1,1
sayhentai.cx,mihon,SayHentai,1,1
saymanhwa.com,mihon,New Manhwa|SayManhwa,1,14
saytongtaii.site,mihon,MeDamTruyen,1,1
scan-inmortal.com,mihon,Inmortal Scan,1,1
scan-manga.com,mihon,Scan-Manga,1,1
scan-vf.net,mihon,Scan VF,1,1
scanpinkrosa.blogspot.com,mihon,Pink Rosa,1,1
scanreader.net,mihon,Scan Reader,1,1
scans.gg,mihon,ScansGG,1,1
scansfr.com,mihon,ScansFR,1,1
scantrad-union.com,mihon,Scantrad Union,1,1
schale.network,mihon,SchaleNetwork,1,4
schlockmercenary.com,mihon,Schlock Mercenary,1,1
scythescans.com,mihon,Scythe Scans,1,1
se8.us,aidoku,zh.se8,1,1
seikowo-app.blogspot.com,mihon,Seikowo,1,1
sektedoujin.cc,mihon,Sekte Doujin,1,1
sektekomik.id,mihon,Sekte Komik,1,1
senkuro.me,aidoku|mihon,Senkognito|Senkuro|ru.senkuro,2,3
seraphic-deviltry.com,mihon,SeraphicDeviltry,1,1
sereinscan.com,mihon,Serein Scan,1,1
setsuscans.com,mihon,Setsu Scans,1,1
shademanga.com,mihon,Shadow Manga|Shadow Manga (+18),1,2
shadowceviri.blogspot.com,mihon,Shadow Çeviri,1,1
shibamanga.com,mihon,Shiba Manga,1,1
shijiescans.com,mihon,Shijie Scans,1,1
shiraixis.space,mihon,Shirai Scans,1,1
shirodoujin.com,mihon,Shiro Doujin,1,1
shiyurasub.blogspot.com,mihon,ShiyuraSub,1,1
shonenjumpplus.com,aidoku|mihon|venera,Shonen Jump+|ja.shonenjumpplus|少年ジャンプ＋,3,7
siikomik.id,mihon,Siikomik,1,1
silentquill.net,aidoku|mihon,SilentQuill|en.armageddon,2,2
simply-cosplay.com,mihon,Simply Cosplay,1,1
simply-hentai.com,mihon,Simply Hentai,1,10
sing-manga.com,mihon,SingManga,1,1
sinhsieusao.com,mihon,SinhSieuSao,1,1
sirenscans.com,mihon,Siren Scans,1,1
sirenscans.fr,mihon,Siren Scans FR,1,1
sixmh7.com,legado,🎨 六漫画,1,2
siyahmelek.live,mihon,Siyah Melek,1,1
skymangas.com,mihon,SkyMangas,1,1
slashlib.me,mihon,SlashLib,1,1
sleepytranslations.com,mihon,Sleepy Translations,1,1
sleptmanga.com.tr,mihon,Slept Manga,1,1
slimeread.app,mihon,SlimeRead (unoriginal),1,1
slow-manga.net,mihon,Slow Manga,1,1
smbc-comics.com,mihon,Saturday Morning Breakfast Comics,1,1
so.77mh.nl,cimoc,XINXINMH|XinXinManHua,1,2
soaicacomic2.top,mihon,SoaiCaComic,1,1
softkomik.co,mihon,Softkomik,1,1
sokuyomi.jp,mihon,Sokuyomi,1,1
solaris-scans.fr,mihon,Solaris Scans,1,1
soraraw.com,aidoku,ja.soraraw,1,1
sp.manga.nicovideo.jp,mihon,Nicovideo Seiga,1,1
spanish.seraphic-deviltry.com,mihon,SeraphicDeviltry,1,1
sparkmanga.net,mihon,MangaSpark,1,1
speed-manga.net,mihon,Speed Manga,1,1
spicyseries.com,mihon,Spicy Scan,1,1
spmanhwa.online,mihon,Spmanhwa,1,1
starligthscan.com,mihon,Starlight Scan,1,1
starzmanga.com,mihon,Manga Starz,1,1
static-tw.baozimh.com,venera,包子漫画,1,5
stellarsaber.pro,mihon,StellarSaber,1,1
stonescape.xyz,aidoku|mihon,StoneScape|en.stonescape,2,2
strayfansub.net,mihon,Stray Fansub,1,1
studio.booklista.co.jp,mihon,Booklista Studio,1,1
submanhwa.com,mihon,Submanhwa,1,1
sumanku.com,cimoc,SUMANKU,1,1
summertoons.net,mihon,SummerToon,1,1
sunday-webry.com,mihon,Sunday Web Every,1,1
sunsetmanga.com,mihon,Sunset Manga,1,1
supermegacomics.com,mihon,SUPER MEGA,1,1
sushiscan.fr,mihon,Sushiscan.fr,1,1
sushiscan.net,aidoku|mihon,Sushi-Scan|fr.sushiscan,2,2
swordscomic.com,mihon,Swords Comic,1,1
taddy.org,mihon,Taddy INK (Webtoons),1,1
taiyo.moe,mihon,Taiyō,1,1
takecomic.jp,mihon,TakeComic,1,1
tankouhentai.com,mihon,Tankou Hentai,1,1
tanuki-manga.net,mihon,Tanuki-Manga,1,1
taomanhua.com,legado,🎨 神漫画|🎨 神漫画📱 #Haxc,1,6
taosect.com,mihon,Tao Sect,1,1
tapas.io,mihon,Tapas,1,1
tappytoon.com,mihon,Tappytoon,1,3
tarotscans.com,mihon,Tarot Scans,1,1
tcbonepiecechapters.com,aidoku|mihon,TCB Scans|en.tcbscans,2,2
team-shadowi.com,mihon,Team Shadowi,1,1
teamscanr.fr,mihon,ScanR,1,1
teletruyen.com,mihon,TeleTruyen,1,1
temakimangas.blogspot.com,mihon,Temaki mangás,1,1
templetoons.com,mihon,Temple Scan,1,1
tenshimanga.com,mihon,Tenshi Manga,1,1
theblank.net,mihon,The Blank,1,1
theduckwebcomics.com,mihon,The Duck Webcomics,1,1
thegirlfromrandomchatting.com,mihon,The Girl from Random Chatting Manga Online,1,1
thelibraryofohara.com,mihon,The Library of Ohara,1,6
themanga.site,mihon,TheManga,1,1
thienthaitruyen14.com,mihon,ThienThaiTruyen,1,1
thohamngu.xyz,mihon,Thỏ Ham Ngủ,1,1
tiamanhwa.com,mihon,Tia Manhwa,1,1
tilkiscans.com,mihon,MangaTilkisi,1,1
timelesstoons.org,mihon,TimelessToons,1,1
tiraninha.world,mihon,Little Tyrant,1,1
tkor153.com,mihon,Toonkor,1,1
tmohentai.app,mihon,TMOHentai (unoriginal),1,1
to-corona-ex.com,mihon,Corona EX,1,1
todaymanga.com,mihon,TodayManga,1,1
tomilo-lib.ru,mihon,Tomilo-lib,1,1
tonarinoyj.jp,mihon,Tonari no Young Jump,1,1
tonizu.top,mihon,TonizuToon,1,1
toomtam-manga.com,mihon,ToomTam-Manga,1,1
toon-es.com,mihon,Toon-es,1,1
toon18.to,mihon,Toon18,1,1
tooncubus.top,mihon,Tooncubus,1,1
toonfr.com,mihon,Toon FR,1,1
toongod.org,mihon,ToonGod,1,1
toonhey.com,mihon,ToonHey,1,1
toonily.com,aidoku|mihon,Toonily|en.toonily,2,2
toonily.me,aidoku,en.toonilyme,1,1
toonizy.com,mihon,Toonizy,1,1
toonlivre.net,mihon,ToonLivre,1,1
toontaku.com,mihon,Toontaku,1,1
toontop.io,mihon,Toonily.me,1,1
topcomicporno.com,mihon,TopComicPorno,1,1
topcomicporno.net,mihon,TopComicPorno.net,1,1
topmanhua.fan,mihon,TopManhua.fan,1,1
topmanhua.net,mihon,TopManhua.net,1,1
toptoon.net,mihon,TOPTOON頂通,1,1
toptruyenzonee.com,mihon,Top Truyen,1,1
tortugaceviri.com,aidoku|mihon,Tortuga Ceviri|tr.tortugaceviri,2,2
traduccionesmoonlight.com,mihon,Traducciones Moonlight,1,1
traducoesdolipe.blogspot.com,mihon,Traduções do Lipe,1,1
tranh18.cc,mihon,Tranh18,1,1
tritinia.org,mihon,TritiniaScans,1,1
trmanga.com,mihon,TrManga,1,1
trmangaoku.com,mihon,Türkçe Manga Oku,1,1
truyen18.co,mihon,Truyen18,1,1
truyenggvn.com,mihon,TruyenGGVN,1,1
truyenhentai18.net,mihon,Truyện Hentai 18+,1,1
truyenhentaivn.store,mihon,TruyenHentaivn,1,1
truyenhentaiz.net,mihon,TruyenHentaiz,1,1
truyenkira.net,mihon,KiraKira,1,1
truyenmmhayr.com,mihon,TruyenMM,1,1
truyenqq.com.vn,mihon,TruyenQQ VN,1,1
truyenqq.online,aidoku,vi.truyenqq2,1,1
truyenqqko.com,aidoku|mihon,TruyenQQ|vi.truyenqq,2,2
truyentini.net,mihon,TruyenTini,1,1
truyentranhdammyy.site,mihon,Truyện tranh đam mỹ,1,1
truyentuoitho.com,mihon,TruyenTuoiTho,1,1
truyentvn.net,mihon,TruyenTVN,1,1
truyenvn.sbs,mihon,TruyenVN,1,1
tsundoku.com.br,mihon,Tsundoku Traduções,1,1
ttkmh.com,cimoc,TTKANMANHUA,1,1
tuhafscans.com,mihon,Luna Scans,1,1
tuho123.com,cimoc,TUHAOMHV2,1,1
tuitruyen.top,mihon,TuiTruyen,1,1
tuku.cc,venera,图库漫画,1,2
turkcemangaoku.com.tr,mihon,Türkçe Manga Oku TR,1,1
tusachxinhxinh12.online,mihon,TuSachXinhXinh,1,1
tuttoanimemanga.net,mihon,TuttoAnimeManga,1,1
tw.xchina.co,mihon,小黄书,1,1
twatt.fr,mihon,Twatt,1,1
twicomi.com,mihon,Twicomi,1,1
twokinds.keenspot.com,mihon,Keenspot TwoKinds,1,1
uaa.com,legado,🎨UAA漫画,1,2
uchuujinmangas.com,mihon,Uchuujin Projects,1,1
udm123.com,cimoc,YOUDM,1,1
uhkvqrxmcapgtpspglrp.moedot.net,mihon,花火漫画,1,1
ulascomic01.xyz,mihon,Ulas Comic,1,1
umetruyenz.org,mihon,UmeTruyen,1,1
umh5.com,cimoc,YOUMANHUAWU,1,1
unicomics.ru,mihon,UniComics,1,1
universe.leagueoflegends.com,mihon,League of Legends,1,16
universohentai.com,mihon,Universo Hentai,1,1
up-manga.com,aidoku,th.upmanga,1,1
utsukushii-bg.com,mihon,Utsukushii,1,1
uuhanman.com,legado,🎨 UU韩漫,1,2
uzaymanga.com,mihon,Uzay Manga,1,1
v1.bacami.site,mihon,Bacami,1,1
v1.komiknesiaku.com,mihon,KomikNesia,1,1
v1.puremanga.me,mihon,PureManga,1,1
v1.soulscans.org,mihon,Soul Scans,1,1
v1.westmanga.my,mihon,West Manga,1,1
v2.voratoon.com,mihon,VoraToon,1,1
v2ph.com,mihon,V2PH,1,1
v3.ainzscans01.com,mihon,Ainz Scans ID,1,1
v3.comicaso.pro,mihon,Comicaso,1,1
v4api.zaimanhua.com,venera,再漫画,1,5
v5.luvyaa.co,mihon,Luvyaa,1,1
v7.kiryuu.to,mihon,Kiryuu,1,1
valirscans.org,mihon,Valir Scans,1,1
vanillascans.org,mihon,Vanilla Scans,1,1
vegitoons.black,mihon,Vegitoons,1,1
vercomicsporno.com,mihon,VCP,1,1
verdinha.wtf,mihon,Verdinha,1,1
vermangasporno.com,mihon,VMP,1,1
vermanhwa.com,mihon,Ver Manhwas,1,1
vgperson.com,mihon,vgperson,1,1
vi-hentai.moe,mihon,ViHentai,1,1
video.unext.jp,mihon,U-NEXT,1,1
viewer.heros-web.com,mihon,Comiplex,1,1
vinahentai.click,mihon,VinaHentai,1,1
violetscans.org,mihon,Violet Scans,1,1
visionhaze.com,mihon,Vision Haze,1,1
visor.chifa-tong.online,mihon,Lector Asteria,1,1
visorikigai.gettocaboca.com,mihon,Ikigai Mangas,1,1
visorjpg.lat,mihon,LectorJPG,1,1
visorkoi.com,mihon,Koinobori Scan,1,1
vitruyen1.com,mihon,ViTruyen,1,1
vixenlogic.com,mihon,Vixen Logic,1,1
viz.com,mihon,VIZ Manga|VIZ Shonen Jump,1,2
vomicmh.com,cimoc|mihon,VOMIC2|vomic,2,2
vortexscans.org,aidoku|mihon,Vortex Scans|en.vortexscans,2,2
voyce.me,mihon,VoyceMe,1,1
w11.1punchman.com,mihon,One Punch Man Online,1,1
walpurgiscan.it,mihon,Walpurgi Scan,1,1
wamanga.ru,mihon,WaManga,1,1
wap.65dm.com,legado,🎨 爱看漫画,1,2
web.usagi.one,mihon,Usagi,1,1
webcomic.ohtabooks.com,mihon,Ohta Web Comic,1,1
webcomicsapp.com,mihon,Webcomics,1,5
webdexscans.com,mihon,Webdex Scans,1,1
webmota.com,legado,包子漫画5,1,2
webnovel.com,mihon,WebNovel,1,1
webtoon.xyz,aidoku|mihon,WebtoonXYZ|en.webtoonxyz,2,2
webtoonempire-bl.com,mihon,Empire Webtoon,1,1
webtoonhatti.club,mihon,Webtoon Hatti,1,1
webtoonoku.org,mihon,WebtoonOku,1,1
webtoons.com,mihon|venera,LINE WEBTOON|Webtoons.com,2,8
webtoonscan.com,mihon,WebtoonScan,1,1
weebcentral.com,aidoku|mihon,Weeb Central|en.weebcentral,2,2
weloma.net,mihon,WeLoveManga,1,1
wfwf414.com,mihon,늑대닷컴 - 만화책|늑대닷컴 - 웹툰|늑대닷컴 - 포토툰,1,3
whalemanga.com,mihon,WhaleManga,1,1
wings.sbs,mihon,Sunshine Butterfly Scans,1,1
witchtoons.net,mihon,WitchScans,1,1
wmanhua.com,venera,W漫画,1,2
wmh1234.com,mihon|venera,漫画1234|漫画kan,2,2
wn01.link,venera,紳士漫畫,1,3
wn07.cfd,mihon,紳士漫畫,1,1
wnacg.com,aidoku,zh.wnacg,1,1
wolftoon.lovable.app,mihon,Wolftoon,1,1
woopread.com,mihon,WoopRead,1,1
wp.comicskingdom.com,mihon,Comics Kingdom,1,2
writerscans.com,mihon,Writer Scans,1,1
wurmz.net,mihon,Wurmz,1,1
wuxiaworld.site,mihon,WuxiaWorld,1,1
ww10.readblackclover.com,mihon,Read Black Clover Manga Online,1,1
ww12.readsnk.com,mihon,Read Attack on Titan Shingeki no Kyojin Manga,1,1
ww12.tokyoghoulre.com,mihon,Read Tokyo Ghoul Re & Tokyo Ghoul Manga Online,1,1
ww13.readonepiece.com,mihon,Read One Piece Manga Online,1,1
ww3.mangafreak.me,mihon,Mangafreak,1,1
ww4.readsololeveling.org,mihon,Read Solo Leveling Manga Manhwa Online,1,1
ww6.readchainsawman.com,mihon,Read Chainsaw Man Manga Online,1,1
ww6.readjujutsukaisen.com,mihon,Read Jujutsu Kaisen Manga Online,1,1
ww6.readkingdom.com,mihon,Read Kingdom Manga Online,1,1
ww7.readopm.com,mihon,Read One-Punch Man Manga Online,1,1
ww8.read7deadlysins.com,mihon,Read Nanatsu no Taizai 7 Deadly Sins Manga Online,1,1
ww9.readfairytail.com,mihon,Read Fairy Tail & Edens Zero Manga Online,1,1
x-manga.org,mihon,X-Manga,1,1
xapi.xinmanhua.net,legado,✐ 新漫画 #Haxc|✐ 新漫画 #Haxc1107|🎨新漫画,1,6
xarthunter.com,mihon,XArt Hunter,1,1
xasiat.com,mihon,XAsiat Albums,1,1
xchina.co,mihon,小黄书,1,1
xcomic.me,aidoku|mihon,XCOMIC|multi.xcomic,2,110
xgmn8.vip,mihon,性感美女,1,1
xiutaku.com,mihon,Xiutaku,1,1
xkcd.com,mihon,xkcd,1,1
xkcd.lapin.org,mihon,xkcd,1,1
xkcd.ru,mihon,xkcd,1,1
xkcd.tw,mihon,xkcd,1,1
xlecx.one,mihon,XlecX,1,1
xmanhua.com,cimoc,XMANHUA,1,1
xn--l3c0azab5a2gta.com,mihon,สดใสเมะ,1,1
xomanga.site,mihon,XoManga,1,1
xoxocomic.com,mihon,XOXO Comics,1,1
xrabohrok.github.io,mihon,War For Rayuba,1,1
xsano-manga.com,mihon,XSano Manga,1,1
xxl.hentaichan.live,mihon,HenChan,1,1
xyzcomics.com,mihon,XYZ Comics,1,1
yabai.si,mihon,Yabai,1,1
yakshacomics.com,mihon,YakshaComics,1,1
yamibo.com,venera,百合会,1,2
yanmaga.jp,mihon,ヤンマガ（グラビア）|ヤンマガ（マンガ）,1,2
yaoi-chan.me,mihon,YaoiChan,1,1
yaoibar.lol,mihon,Yaoibar,1,1
yaoifanclub.com,mihon,Yaoi Fan Club,1,1
yaoiflix.fit,mihon,Yaoi Flix,1,1
yaoihot.com,mihon,YaoiHot,1,1
yaoihub.org,mihon,Yaoihub,1,1
yaoimangaoku.net,mihon,Yaoi Manga Oku,1,1
yaoimangaonline.com,mihon,Yaoi Manga Online,1,1
yaoiscan.com,mihon,YaoiScan,1,1
yaoiscan.fr,mihon,YaoiScan,1,1
ydan.cc,legado,🗂🙈一耽漫画🅰,1,2
yemancomic.com,venera,野蛮漫画,1,1
yidan9.club,mihon,一耽女孩,1,1
yimmh.com,cimoc,YIMMH|YiManHua,1,2
ykmh.net,cimoc|mihon|venera,YouKuManHua|优酷漫画|优酷漫画 (修复版),3,7
ymcdnyfqdapp.ikmmh.com,cimoc|mihon|venera,BODONGMH|爱看漫,3,3
ymgjmh.com,cimoc,GUILUOLIMANHUA,1,1
ynjn.jp,mihon,Young Jump+,1,1
yokai-team.blogspot.com,mihon,Yokai,1,1
yomonga.com,mihon,Yomonga,1,1
yomu.com.br,mihon,Yomu Comics,1,1
yomumangas.com,mihon,Yomu Mangás,1,1
yonaber.com,mihon,Yona Bar,1,1
yorai.io,mihon,Yorai,1,1
younganimal.com,mihon,Young Animal,1,1
youngchampion.jp,mihon,Young Champion,1,1
ysk-comics.com,mihon,YSK Comics,1,2
yugenmangasbr.dxtg.online,mihon,Yugen Mangás,1,1
yupmanga.com,mihon,Yupmanga,1,1
yuri-online.com,mihon,Yuri-Online,1,1
yurigarden.moe,mihon,YuriGarden,1,1
yurilab.top,mihon,Ota Scans,1,1
yurimoonsub.blogspot.com,mihon,Yuri Moon Sub,1,1
yurinekoz.com,mihon,YuriNeko,1,1
yurionair.top,mihon,Yuri on Air,1,1
yymanhua.com,cimoc,YYMANHUA,1,1
zaimanhua.com,aidoku|cimoc,HAOMAN8|zh.zaimanhua,2,2
zazamanga.com,mihon,Zazamanga,1,1
zazhimi.net,mihon,杂志迷,1,1
zebrack-comic.shueisha.co.jp,mihon,Zebrack,1,1
zenko.online,mihon,Zenko,1,1
zerobyw.github.io,venera,zero搬运网,1,1
zerobyw33.com,mihon|venera,zero搬运网,2,3
zerobywdlss.com,cimoc,ZERO,1,1
zerosumonline.com,mihon,Zerosum Online,1,1
zettahq.com,mihon,ZettaHQ,1,1
zettruyen.homes,aidoku,vi.zettruyen,1,1
zettruyen1.com,mihon,ZetTruyen,1,1
zeurelscan.com,mihon,ZeurelScan,1,1
zhuzhumh.com,cimoc,BaiManGu,1,1
zinmanga.net,mihon,Zinmanga.net,1,1
ziyuanxue.cn,cimoc,KUMANXIONGV2,1,1
zonatmo.org,mihon,ZonaTMO.org (unoriginal),1,1
zonatmo.to,mihon,Zonatmo.to (unoriginal),1,1
zz.ilikemanga.com,legado,追追漫画M,1,2
