生态,源名,站点域名,语言,NSFW,标识/包名
Cimoc,GUILUOLIMANHUA,ymgjmh.com,zh,,GUILUOLIMANHUA
Cimoc,BILIMANHUA,bilimanga.net,zh,,BILIMANHUA
Cimoc,MYCOMIC,mycomic.com,zh,,MYCOMIC
Cimoc,DUMANWU,dumanwu1.com,zh,,DUMANWU
Cimoc,DUMANWUORG,dumanwu.org,zh,,DUMANWUORG
Cimoc,QIMANHUA,qimanwu.org,zh,,QIMANHUA
Cimoc,TTKANMANHUA,ttkmh.com,zh,,TTKANMANHUA
Cimoc,YYMANHUA,yymanhua.com,zh,,YYMANHUA
Cimoc,MANHUAYU,manhuayu88.com,zh,,MANHUAYU
Cimoc,RUMANHUA,rumanhua2.com,zh,,RUMANHUA
Cimoc,HAODUOMAN,haoduoman.com,zh,,HAODUOMAN
Cimoc,MANHUA36,,zh,,MANHUA36
Cimoc,KOMIIC,komiic.com,zh,,KOMIIC
Cimoc,DASHUMANHUA,dashumanhua.com,zh,,DASHUMANHUA
Cimoc,YOUMANHUAWU,umh5.com,zh,,YOUMANHUAWU
Cimoc,BIQUGE,biqu8.xyz,zh,,BIQUGE
Cimoc,MANMANMANHUA,manmanapp.com,zh,,MANMANMANHUA
Cimoc,KUMANXIONGV2,ziyuanxue.cn,zh,,KUMANXIONGV2
Cimoc,KUMANXIONG,,zh,,KUMANXIONG
Cimoc,MANHUA90,90mh.org,zh,,MANHUA90
Cimoc,BAOZIV2,baozimh.one,zh,,BAOZIV2
Cimoc,SUMANKU,sumanku.com,zh,,SUMANKU
Cimoc,GODAMH,g-mh.org,zh,,GODAMH
Cimoc,GoDaMH,godamanga.art,zh,,GoDaMH
Cimoc,BODONGMH,ymcdnyfqdapp.ikmmh.com,zh,,BODONGMH
Cimoc,MH160CC,mh160mh.com,zh,,MH160CC
Cimoc,MANHUAWU,mhua5.com,zh,,MANHUAWU
Cimoc,BOLEMH,bbboy.cc,zh,,BOLEMH
Cimoc,MKZHAN,comic.mkzhan.com,zh,,MKZHAN
Cimoc,XMANHUA,xmanhua.com,zh,,XMANHUA
Cimoc,VOMIC,,zh,,VOMIC
Cimoc,VOMIC2,vomicmh.com,zh,,VOMIC2
Cimoc,TUHAOMHV2,tuho123.com,zh,,TUHAOMHV2
Cimoc,LAIMH,laimanhua88.com,zh,,LAIMH
Cimoc,GUOGUOMH,d9zfb53b.lstool.xyz,zh,,GUOGUOMH
Cimoc,KUMANWU,kumwu2.com,zh,,KUMANWU
Cimoc,YOUDM,udm123.com,zh,,YOUDM
Cimoc,SHOUJIMH,gmanhua.com,zh,,SHOUJIMH
Cimoc,YEMANMH,mhkami.com,zh,,YEMANMH
Cimoc,XINXINMH,so.77mh.nl,zh,,XINXINMH
Cimoc,HAOMAN8,zaimanhua.com,zh,,HAOMAN8
Cimoc,HAOMAN6,manben.com,zh,,HAOMAN6
Cimoc,MITUI,imitui.com,zh,,MITUI
Cimoc,CHUIXUEMH,chuixue.net,zh,,CHUIXUEMH
Cimoc,QIMIAO,36mh.org,zh,,QIMIAO
Cimoc,PUFEIMH,pufei.cc,zh,,PUFEIMH
Cimoc,BAINIANMH,bnman.net,zh,,BAINIANMH
Cimoc,MH360,100fanwo.com,zh,,MH360
Cimoc,QIXIMH,qiximh4.com,zh,,QIXIMH
Cimoc,BMG,liumanhua.com,zh,,BMG
Cimoc,BASEURLHLV2,,zh,,BASEURLHLV2
Cimoc,BASEURLJMV2,,zh,,BASEURLJMV2
Cimoc,MH50,maofly.com,zh,,MH50
Cimoc,BAOZIMH,baozimhcn.com,zh,,BAOZIMH
Cimoc,YIMMH,yimmh.com,zh,,YIMMH
Cimoc,DUMH,7stary.com,zh,,DUMH
Cimoc,FEIXUEMH,feixuemh.com,zh,,FEIXUEMH
Cimoc,IQIYI,bud.iqiyi.com,zh,,IQIYI
Cimoc,BOLEFU,mxqf.com,zh,,BOLEFU
Cimoc,WNACG,,zh,,WNACG
Cimoc,ZERO,zerobywdlss.com,zh,,ZERO
Cimoc,BaoziManHua,baozimhcn.com,zh,,BaoziManHua
Cimoc,CoCoManHua,colamanga.com,zh,,CoCoManHua
Cimoc,YiManHua,yimmh.com,zh,,YiManHua
Cimoc,MangaBZManHua,mangabz.com,zh,,MangaBZManHua
Cimoc,YouKuManHua,ykmh.net,zh,,YouKuManHua
Cimoc,XinXinManHua,so.77mh.nl,zh,,XinXinManHua
Cimoc,ShouJiManHua,gmanhua.com,zh,,ShouJiManHua
Cimoc,BaiManGu,zhuzhumh.com,zh,,BaiManGu
Cimoc,ManHuaCat,maofly.com,zh,,ManHuaCat
Cimoc,PuFeiManHua,pufei.cc,zh,,PuFeiManHua
Cimoc,DongManZhiJia,dmzj.com,zh,,DongManZhiJia
Cimoc,BoLeFu,mxqf.com,zh,,BoLeFu
Cimoc,ManHuaTai,kanman.com,zh,,ManHuaTai
Cimoc,DuManHua,7stary.com,zh,,DuManHua
Cimoc,GuFengManHua,gufengmh.com,zh,,GuFengManHua
Cimoc,GuFengWang,gufengmanhua.com,zh,,GuFengWang
Cimoc,DongManWu,dm5.com,zh,,DongManWu
Cimoc,HaoManSix,baozimh.one,zh,,HaoManSix
Cimoc,HaoManEight,godamh.com,zh,,HaoManEight
Cimoc,CopyManHua,2026copy.com,zh,,CopyManHua
