tier,rank,domain,subclass,latency_ms,speed,http_status,quality_score,quality_tier,effort,official,nsfw,ecosystem_count,ecosystems,source_names
tier1-primary,1,comic.mkzhan.com,B-reachable,58,fast,200,48,T1,existing,,0,2,cimoc|legado,MKZHAN|漫客栈|🎨 漫客栈|🎨 漫客栈🅰 
tier1-primary,2,mkzhan.com,B-reachable,110,fast,200,48,T2,existing,,0,2,legado|venera,㊣✐ 漫客栈  #一程|漫客栈|🌵漫客栈🌵|🎨 漫客栈 #Haxc
tier1-primary,3,manmanapp.com,B-reachable,140,fast,200,48,T1,to-build,,0,2,cimoc|legado,MANMANMANHUA|㊣✐ 漫漫漫画 #一程1101|🎨 漫漫漫画 |🎨 漫漫漫画 #Haxc
tier1-primary,4,manga.bilibili.com,B-reachable,268,fast,200,63,T1,to-build,Bilibili Comics (official),0,1,legado,哔哩哔哩漫画 #Haxc
tier1-primary,5,manhuadb.com,B-reachable,347,fast,200,48,T1,to-build,,0,2,legado|mangareader,mhdb|✐ 漫画DB |✐ 漫画DB #Haxc1107|漫画大全
tier1-primary,6,kanman.com,B-reachable,352,fast,200,56,T1,existing,,0,3,cimoc|legado|venera,ManHuaTai|看漫画|🎨 看漫画M|🎨 看漫画M #Haxc1107
tier1-primary,7,dongmanmanhua.cn,B-reachable,407,mid,200,48,T1,existing,,0,2,mihon|venera,Dongman Manhua|咚漫
tier1-primary,8,vomicmh.com,B-reachable,465,mid,200,48,T2,to-build,,0,2,cimoc|mihon,VOMIC2|vomic
tier1-primary,9,iqiyi.com,B-reachable,492,mid,200,73,T1,to-build,iQiyi Comics (official),0,2,legado|mihon,✐ ㊣爱奇艺漫画 #Haxc1107|爱奇艺叭嗒|🎨 爱奇艺漫画|🎨爱奇艺漫画 
tier1-primary,10,manben.com,B-reachable,509,mid,200,48,T1,existing,,0,2,cimoc|venera,HAOMAN6|漫本
tier1-primary,11,rumanhua2.com,B-reachable,539,mid,200,56,T1,existing,,0,3,cimoc|mihon|venera,RUMANHUA|如漫画
tier1-primary,12,dumanwu1.com,B-reachable,554,mid,200,48,T1,to-build,,0,2,cimoc|mihon,DUMANWU|读漫屋
tier1-primary,13,zaimanhua.com,B-reachable,625,mid,200,48,T2,to-build,,0,2,aidoku|cimoc,HAOMAN8|zh.zaimanhua
tier1-primary,14,dm5.com,B-reachable,850,mid,200,62,T1,existing,,0,4,aidoku|cimoc|mihon|venera,DongManWu|zh.dm5|动漫屋
tier1-primary,15,mangadex.org,B-reachable,880,mid,200,81,T1,existing,MangaDex (open licensed),0,3,aidoku|mihon|venera,MangaDex|multi.mangadex
tier1-primary,16,wmh1234.com,B-reachable,978,mid,200,48,T2,existing,,0,2,mihon|venera,漫画1234|漫画kan
tier1-primary,17,ymcdnyfqdapp.ikmmh.com,B-reachable,1020,mid,200,44,T2,existing,,1,3,cimoc|mihon|venera,BODONGMH|爱看漫
tier1-primary,18,godamh.com,B-reachable,1056,mid,200,48,T1,to-build,,0,2,aidoku|cimoc,HaoManEight|zh.godamanga
tier1-primary,19,ac.qq.com,B-reachable,1120,mid,200,81,T1,existing,Tencent Comics (official),0,3,legado|mihon|venera,㊣✐ 腾讯漫画  #一程|腾讯动漫|腾讯动漫（正版）|腾讯漫画📱
tier1-primary,20,maofly.com,B-reachable,1126,mid,200,48,T1,to-build,,0,2,cimoc|mangareader,MH50|ManHuaCat|mhm
tier1-primary,21,rawkuma.net,B-reachable,1402,slow,200,56,T1,existing,,0,3,aidoku|mihon|venera,Rawkuma|ja.rawkuma
tier1-primary,22,laimanhua88.com,B-reachable,1563,slow,200,48,T1,existing,,0,2,cimoc|venera,LAIMH|来漫画|来漫画（分流）
tier1-primary,23,kuaikanmanhua.com,B-reachable,1598,slow,200,73,T1,to-build,Kuaikan Comics (official),0,2,legado|mihon,快看漫画|快看漫画M|🎨 快看漫画$|🎨快看漫画
tier1-primary,24,webtoons.com,B-reachable,1668,slow,200,73,T1,existing,LINE WEBTOON (official),0,2,mihon|venera,LINE WEBTOON|Webtoons.com
tier1-primary,25,liumanhua.com,B-reachable,1901,slow,200,36,T3,to-build,,1,2,cimoc|mihon,BMG|六漫画
tier1-primary,26,comic-walker.com,B-reachable,1971,slow,200,63,T1,existing,Kadokomi (official),0,1,mihon,カドコミ
tier1-primary,27,namicomi.com,B-reachable,2016,slow,200,63,T1,to-build,NamiComi,0,1,mihon,NamiComi
tier1-primary,28,bilimanga.net,B-reachable,2128,slow,200,87,T1,existing,Bilibili Comics (official),0,4,aidoku|cimoc|mihon|venera,BILIMANHUA|zh.bilimanga|哔哩漫画|嗶哩漫畫
tier1-primary,29,shonenjumpplus.com,B-reachable,3676,slow,200,81,T1,existing,Shonen Jump+ (official),0,3,aidoku|mihon|venera,Shonen Jump+|ja.shonenjumpplus|少年ジャンプ＋
tier1-primary,30,guazimanhua.com,B-reachable,3801,slow,200,48,T1,existing,,0,2,mihon|venera,瓜子漫画
tier1-primary,31,zerobyw33.com,B-reachable,4009,slow,200,48,T2,existing,,0,2,mihon|venera,zero搬运网
tier1-primary,32,mangamillion.shueisha.co.jp,B-reachable,9619,slow,200,63,T1,to-build,Manga Million (official),0,1,mihon,Manga Million
tier2-backup,1,manhuatai.com,B-reachable,49,fast,200,38,T3,to-build,,0,1,legado,🎨 漫画台🅰 #Haxc|🎨 漫画台🅰 #Haxc1107|🎨漫画台🅰
tier2-backup,2,manhua.zaimanhua.com,B-reachable,70,fast,200,38,T3,existing,,0,1,mihon,再漫画
tier2-backup,3,v4api.zaimanhua.com,B-reachable,80,fast,200,38,T3,existing,,0,1,venera,再漫画
tier2-backup,4,mm.sfacg.com,B-reachable,119,fast,200,38,T3,existing,,0,1,legado,SF漫画💰
tier2-backup,5,iyouman.com,B-reachable,124,fast,200,38,T2,to-build,,0,1,legado,🎨 爱优漫📱|🎨 爱优漫📱 |🎨爱优漫
tier2-backup,6,ziyuanxue.cn,B-reachable,125,fast,200,38,T3,to-build,,0,1,cimoc,KUMANXIONGV2
tier2-backup,7,mybl.xyz,B-reachable,153,fast,200,38,T3,to-build,,0,1,legado,🎟️啵乐漫画
tier2-backup,8,comic.bh3.com,B-reachable,170,fast,200,38,T2,to-build,,0,1,mihon,《崩坏3》IP站
tier2-backup,9,mangaapi.manhuaren.com,B-reachable,205,fast,200,38,T3,existing,,0,1,mihon,漫画人
tier2-backup,10,xapi.xinmanhua.net,B-reachable,209,fast,200,38,T3,to-build,,0,1,legado,✐ 新漫画 #Haxc|✐ 新漫画 #Haxc1107|🎨新漫画
tier2-backup,11,comic.hypergryph.com,B-reachable,237,fast,200,38,T2,to-build,,0,1,mihon,泰拉记事社
tier2-backup,12,feixuemh.com,B-reachable,294,fast,200,38,T2,to-build,,0,1,cimoc,FEIXUEMH
tier2-backup,13,manhua.sfacg.com,B-reachable,303,fast,200,38,T3,existing,,0,1,venera,SF漫画
tier2-backup,14,hmba.vip,B-reachable,304,fast,200,38,T2,to-build,,0,1,legado,🎨 韩漫吧
tier2-backup,15,7stary.com,B-reachable,344,fast,200,38,T2,to-build,,0,1,cimoc,DUMH|DuManHua
tier2-backup,16,yymanhua.com,B-reachable,360,fast,200,38,T3,to-build,,0,1,cimoc,YYMANHUA
tier2-backup,17,taomanhua.com,B-reachable,366,fast,200,38,T3,to-build,,0,1,legado,🎨 神漫画|🎨 神漫画📱 #Haxc
tier2-backup,18,wap.65dm.com,B-reachable,398,fast,200,38,T3,to-build,,0,1,legado,🎨 爱看漫画
tier2-backup,19,gfmh.app,B-reachable,492,mid,200,38,T2,existing,,0,1,venera,古风漫画
tier2-backup,20,manhuaren.com,B-reachable,525,mid,200,38,T3,existing,,0,1,venera,漫画人
tier2-backup,21,90mh.org,B-reachable,530,mid,200,38,T2,to-build,,0,1,cimoc,MANHUA90
tier2-backup,22,4399manhua.com,B-reachable,563,mid,200,38,T2,existing,,0,1,venera,4399漫画网
tier2-backup,23,bwhanman.com,B-reachable,617,mid,200,38,T2,to-build,,0,1,legado,🌵背窝韩漫🌵
tier2-backup,24,pufei.cc,B-reachable,641,mid,200,38,T3,to-build,,0,1,cimoc,PUFEIMH|PuFeiManHua
tier2-backup,25,mangaball.net,B-reachable,652,mid,200,38,T3,to-build,,0,1,mihon,Manga Ball
tier2-backup,26,zz.ilikemanga.com,B-reachable,661,mid,200,38,T3,to-build,,0,1,legado,追追漫画M
tier2-backup,27,gmh1234.wszwhg.net,B-reachable,686,mid,200,38,T2,existing,,0,1,venera,漫画1234
tier2-backup,28,api.ilikemanga.com,B-reachable,693,mid,200,38,T2,to-build,,0,1,legado,🎨追追漫画₁🅰
tier2-backup,29,gmanhua.com,B-reachable,754,mid,200,38,T2,to-build,,0,1,cimoc,SHOUJIMH|ShouJiManHua
tier2-backup,30,lunarx.to,B-reachable,763,mid,200,38,T3,to-build,,0,1,mihon,Lunar Manga
tier2-backup,31,noymanga.com,B-reachable,763,mid,200,38,T3,existing,,0,1,venera,NoyManga
tier2-backup,32,d9zfb53b.lstool.xyz,B-reachable,811,mid,200,38,T2,to-build,,0,1,cimoc,GUOGUOMH
tier2-backup,33,gufengmanhua.com,B-reachable,811,mid,200,38,T2,to-build,,0,1,cimoc,GuFengWang
tier2-backup,34,static-tw.baozimh.com,B-reachable,819,mid,200,38,T3,existing,,0,1,venera,包子漫画
tier2-backup,35,qiman56.com,B-reachable,849,mid,200,38,T3,to-build,,0,1,legado,🎨 奇漫屋
tier2-backup,36,hdoujin.org,B-reachable,856,mid,200,26,T3,to-build,,1,1,mihon,HDoujin
tier2-backup,37,qiximh4.com,B-reachable,868,mid,200,38,T3,to-build,,0,1,cimoc,QIXIMH
tier2-backup,38,hipmh.com,B-reachable,878,mid,200,38,T2,existing,,0,1,venera,嬉皮漫畫
tier2-backup,39,manwang.net,B-reachable,884,mid,200,38,T3,existing,,0,1,venera,漫网
tier2-backup,40,tuho123.com,B-reachable,899,mid,200,38,T3,to-build,,0,1,cimoc,TUHAOMHV2
tier2-backup,41,umh5.com,B-reachable,912,mid,200,38,T3,to-build,,0,1,cimoc,YOUMANHUAWU
tier2-backup,42,godamanga.art,B-reachable,961,mid,200,38,T2,to-build,,0,1,cimoc,GoDaMH
tier2-backup,43,manhuauo.com,B-reachable,975,mid,200,38,T3,existing,,0,1,venera,香蕉漫画
tier2-backup,44,cdn-msp.jmapinodeudzn.net,B-reachable,996,mid,200,38,T2,existing,,0,1,venera,禁漫天堂
tier2-backup,45,haokantxt.com,B-reachable,1005,mid,200,38,T2,existing,,0,1,venera,好看漫画
tier2-backup,46,hao8.net,B-reachable,1039,mid,200,38,T2,to-build,,0,1,legado,🎨 好吧漫画
tier2-backup,47,nnv3api.dmzj1.com,B-reachable,1040,mid,200,38,T3,to-build,,0,1,legado,动漫之家
tier2-backup,48,sumanku.com,B-reachable,1076,mid,200,38,T3,to-build,,0,1,cimoc,SUMANKU
tier2-backup,49,comick.art,B-reachable,1085,mid,200,38,T2,existing,,0,1,venera,comick
tier2-backup,50,zerobywdlss.com,B-reachable,1101,mid,200,38,T3,existing,,0,1,cimoc,ZERO
tier2-backup,51,udm123.com,B-reachable,1111,mid,200,38,T3,to-build,,0,1,cimoc,YOUDM
tier2-backup,52,baozimh.org,B-reachable,1116,mid,200,38,T2,existing,,0,1,mihon,GoDa漫画
tier2-backup,53,yemancomic.com,B-reachable,1124,mid,200,38,T3,existing,,0,1,venera,野蛮漫画
tier2-backup,54,kumwu2.com,B-reachable,1135,mid,200,38,T3,to-build,,0,1,cimoc,KUMANWU
tier2-backup,55,lrr.tvc-16.science,B-reachable,1137,mid,200,38,T3,existing,,0,1,venera,Lanraragi
tier2-backup,56,xgmn8.vip,B-reachable,1140,mid,200,26,T3,to-build,,1,1,mihon,性感美女
tier2-backup,57,baozimh.one,B-reachable,1144,mid,200,38,T2,to-build,,0,1,cimoc,BAOZIV2|HaoManSix
tier2-backup,58,bdido.com,B-reachable,1150,mid,200,38,T2,to-build,,0,1,legado,1359漫画
tier2-backup,59,dashuhuwai.com,B-reachable,1153,mid,200,38,T2,to-build,,0,1,legado,大树漫画
tier2-backup,60,gufengmh9.com,B-reachable,1162,mid,200,38,T2,existing,,0,1,legado,古风漫画
tier2-backup,61,comico.jp,B-reachable,1170,mid,200,38,T2,to-build,,0,1,mihon,コミコ
tier2-backup,62,git.nyne.dev,B-reachable,1203,slow,200,38,T2,existing,,0,1,venera,MangaDex
tier2-backup,63,jjmhw.cc,B-reachable,1218,slow,200,38,T2,to-build,,0,1,legado,久久漫画-ζ
tier2-backup,64,jjmhw2.top,B-reachable,1248,slow,200,26,T3,to-build,,1,1,mihon,Manga Xiao Si
tier2-backup,65,qimiqimi.net,B-reachable,1256,slow,200,38,T3,to-build,,0,1,legado,奇米动漫
tier2-backup,66,ebook.tongli.com.tw,B-reachable,1300,slow,200,38,T2,to-build,,0,1,mihon,東立
tier2-backup,67,g-mh.org,B-reachable,1387,slow,200,38,T2,to-build,,0,1,cimoc,GODAMH
tier2-backup,68,ffppt.com,B-reachable,1392,slow,200,38,T2,existing,,0,1,venera,飞翔漫画
tier2-backup,69,api.creative-comic.tw,B-reachable,1397,slow,200,38,T2,existing,,0,1,venera,CCC追漫台
tier2-backup,70,demo.komga.org,B-reachable,1428,slow,200,38,T2,existing,,0,1,venera,Komga
tier2-backup,71,hentairox.com,B-reachable,1467,slow,200,26,T3,to-build,,1,1,mihon,HentaiRox
tier2-backup,72,komiic.cc,B-reachable,1472,slow,200,38,T3,existing,,0,1,venera,Komiic
tier2-backup,73,mangatoon.mobi,B-reachable,1488,slow,200,38,T3,to-build,,0,1,mihon,MangaToon (Limited)
tier2-backup,74,mhhanman.xyz,B-reachable,1682,slow,200,38,T3,to-build,,0,1,legado,🎨韩漫画🔞
tier2-backup,75,manhuapi.cc,B-reachable,1724,slow,200,38,T3,existing,,0,1,venera,漫画皮
tier2-backup,76,reader.hqread.cc,B-reachable,1755,slow,200,38,T3,existing,,0,1,venera,漫画1234
tier2-backup,77,dragonball-multiverse.com,B-reachable,1764,slow,200,38,T2,to-build,,0,1,mihon,Dragon Ball Multiverse|Dragon Ball Multiverse Parody
tier2-backup,78,manwali.cc,B-reachable,1775,slow,200,38,T3,existing,,0,1,venera,漫蛙吧
tier2-backup,79,tuku.cc,B-reachable,1782,slow,200,38,T3,existing,,0,1,venera,图库漫画
tier2-backup,80,mojoin.com,B-reachable,1786,slow,200,38,T3,existing,,0,1,venera,MOJOIN
tier2-backup,81,ttkmh.com,B-reachable,1817,slow,200,38,T3,to-build,,0,1,cimoc,TTKANMANHUA
tier2-backup,82,bukamh.com,B-reachable,1818,slow,200,38,T2,existing,,0,1,venera,布卡漫画
tier2-backup,83,zerobyw.github.io,B-reachable,1818,slow,200,38,T3,existing,,0,1,venera,zero搬运网
tier2-backup,84,bbboy.cc,B-reachable,1856,slow,200,38,T2,to-build,,0,1,cimoc,BOLEMH
tier2-backup,85,yimmh.com,B-reachable,1867,slow,200,38,T3,to-build,,0,1,cimoc,YIMMH|YiManHua
tier2-backup,86,miaoqumh.org,B-reachable,1874,slow,200,38,T3,to-build,,0,1,mihon,喵趣漫画
tier2-backup,87,webmota.com,B-reachable,1917,slow,200,38,T3,existing,,0,1,legado,包子漫画5
tier2-backup,88,92mh.com,B-reachable,1947,slow,200,38,T2,to-build,,0,1,mihon,92漫画
tier2-backup,89,hikarinagi.org,B-reachable,2043,slow,200,38,T2,to-build,,0,1,mihon,Hikarinagi
tier2-backup,90,2cycomic.com,B-reachable,2135,slow,200,38,T2,existing,,0,1,venera,次元漫画
tier2-backup,91,8jj.com,B-reachable,2163,slow,200,38,T2,to-build,,0,1,legado,✐ 八极漫画 #Haxc|八极漫画
tier2-backup,92,1kkk.com,B-reachable,2173,slow,200,38,T2,existing,,0,1,venera,极速漫画
tier2-backup,93,gaugau.futabanet.jp,B-reachable,2199,slow,200,38,T2,to-build,,0,1,mihon,がうがうモンスター＋
tier2-backup,94,panda.chaika.moe,B-reachable,2228,slow,200,26,T3,to-build,,1,1,mihon,PandaChaika
tier2-backup,95,yanmaga.jp,B-reachable,2258,slow,200,38,T3,to-build,,0,1,mihon,ヤンマガ（グラビア）|ヤンマガ（マンガ）
tier2-backup,96,mhkami.com,B-reachable,2260,slow,200,38,T3,to-build,,0,1,cimoc,YEMANMH
tier2-backup,97,dumanwu.org,B-reachable,2263,slow,200,38,T2,to-build,,0,1,cimoc,DUMANWUORG
tier2-backup,98,wn07.cfd,B-reachable,2277,slow,200,26,T3,existing,,1,1,mihon,紳士漫畫
tier2-backup,99,9comic.cn,B-reachable,2279,slow,200,38,T2,existing,,0,1,legado,好看漫画
tier2-backup,100,schale.network,B-reachable,2313,slow,200,26,T3,to-build,,1,1,mihon,SchaleNetwork
tier2-backup,101,creative-comic.tw,B-reachable,2501,slow,200,38,T2,existing,,0,1,mihon,CCC追漫台
tier2-backup,102,ymgjmh.com,B-reachable,2587,slow,200,38,T3,to-build,,0,1,cimoc,GUILUOLIMANHUA
tier2-backup,103,kukk.net,B-reachable,2673,slow,200,38,T3,to-build,,0,1,legado,酷看漫画
tier2-backup,104,bnman.net,B-reachable,2792,slow,200,38,T2,to-build,,0,1,cimoc,BAINIANMH
tier2-backup,105,comicfury.com,B-reachable,2800,slow,200,38,T2,to-build,,0,1,mihon,Comic Fury|Comic Fury (No Text)
tier2-backup,106,36mh.org,B-reachable,2824,slow,200,38,T2,to-build,,0,1,cimoc,QIMIAO
tier2-backup,107,saymanhwa.com,B-reachable,3007,slow,200,38,T3,to-build,,0,1,mihon,New Manhwa|SayManhwa
tier2-backup,108,klmanga.net,B-reachable,3016,slow,200,38,T3,to-build,,0,1,mangareader,kl
tier2-backup,109,yamibo.com,B-reachable,3112,slow,200,38,T3,existing,,0,1,venera,百合会
tier2-backup,110,zazhimi.net,B-reachable,3204,slow,200,38,T3,to-build,,0,1,mihon,杂志迷
tier2-backup,111,51manga.com,B-reachable,3561,slow,200,38,T2,existing,,0,1,venera,51漫画
tier2-backup,112,haoduoman.com,B-reachable,3954,slow,200,38,T2,to-build,,0,1,cimoc,HAODUOMAN
tier2-backup,113,311s.com,B-reachable,4281,slow,200,38,T2,to-build,,0,1,mihon,漫画社
tier2-backup,114,manhuayu88.com,B-reachable,7302,slow,200,38,T3,to-build,,0,1,cimoc,MANHUAYU
tier2-backup,115,xkcd.tw,B-reachable,11881,slow,200,38,T3,to-build,,0,1,mihon,xkcd
